"Title","CoverRegionName","CoverType","CoverURL"
"ADK World","ADK World (JP, 11/10/95)","Box Front","http://image.gamespotcdn.net/gamespot/images/box/6/8/8/565688_5657_front.jpg"
"ADK World","ADK World (JP, 11/10/95)","Box Back","http://image.gamespotcdn.net/gamespot/images/box/6/8/8/565688_5657_back.jpg"
"ADK World","ADK World (JP, 11/10/95)","Box Spine","http://image.gamespotcdn.net/gamespot/images/box/6/8/8/565688_5657_spine.jpg"
"ADK World","ADK World (JP, 11/10/95)","Box Flap","http://image.gamespotcdn.net/gamespot/images/box/6/8/8/565688_5657_flap.jpg"
"Aero Fighters 2","Aero Fighters 2 (US, 09/29/94)","Box Front","http://image.gamespotcdn.net/gamespot/images/box/2/9/5/922295_86331_front.jpg"
"Aero Fighters 2","Aero Fighters 2 (US, 09/29/94)","Box Back","http://image.gamespotcdn.net/gamespot/images/box/2/9/5/922295_86331_back.jpg"
"Aero Fighters 2","Sonic Wings 2 (JP, 09/29/94)","Box Front","http://image.gamespotcdn.net/gamespot/images/box/2/9/5/922295_86332_front.jpg"
"Aero Fighters 2","Sonic Wings 2 (JP, 09/29/94)","Box Back","http://image.gamespotcdn.net/gamespot/images/box/2/9/5/922295_86332_back.jpg"
"Aero Fighters 3","Sonic Wings 3 (JP, 12/08/95)","Box Front","http://image.gamespotcdn.net/gamespot/images/box/9/6/0/938960_86378_front.jpg"
"Aero Fighters 3","Sonic Wings 3 (JP, 12/08/95)","Box Back","http://image.gamespotcdn.net/gamespot/images/box/9/6/0/938960_86378_back.jpg"
"Aero Fighters 3","Aero Fighters 3 (US, 1995)","Box Front","http://image.gamespotcdn.net/gamespot/images/box/9/6/0/938960_86377_front.jpg"
"Aggressors of Dark Kombat","Aggressors of Dark Kombat (US, 1994)","Box Front","http://image.gamespotcdn.net/gamespot/images/box/2/9/7/922297_65680_front.jpg"
"Aggressors of Dark Kombat","Aggressors of Dark Kombat (US, 1994)","Box Back","http://image.gamespotcdn.net/gamespot/images/box/2/9/7/922297_65680_back.jpg"
"Aggressors of Dark Kombat","Tsukai Gan Gan Koshinkyoku (JP, 01/13/95)","Box Front","http://image.gamespotcdn.net/gamespot/images/box/2/9/7/922297_86341_front.jpg"
"Aggressors of Dark Kombat","Tsukai Gan Gan Koshinkyoku (JP, 01/13/95)","Box Back","http://image.gamespotcdn.net/gamespot/images/box/2/9/7/922297_86341_back.jpg"
"Aggressors of Dark Kombat","Tsukai Gan Gan Koshinkyoku (JP, 01/13/95)","Box Spine","http://image.gamespotcdn.net/gamespot/images/box/2/9/7/922297_86341_spine.jpg"
"Alpha Mission II","Alpha Mission II (US, 09/09/94)","Box Front","http://image.gamespotcdn.net/gamespot/images/box/2/1/8/922218_57682_front.jpg"
"Alpha Mission II","Alpha Mission II (US, 09/09/94)","Box Back","http://image.gamespotcdn.net/gamespot/images/box/2/1/8/922218_57682_back.jpg"
"Alpha Mission II","ASO II: Last Guardian (JP, 09/09/94)","Box Front","http://image.gamespotcdn.net/gamespot/images/box/2/1/8/922218_57683_front.jpg"
"Alpha Mission II","ASO II: Last Guardian (JP, 09/09/94)","Box Back","http://image.gamespotcdn.net/gamespot/images/box/2/1/8/922218_57683_back.jpg"
"Art of Fighting","Ryuuko no Ken (JP, 09/09/94)","Box Front","http://image.gamespotcdn.net/gamespot/images/box/8/1/7/919817_50732_front.jpg"
"Art of Fighting","Ryuuko no Ken (JP, 09/09/94)","Box Back","http://image.gamespotcdn.net/gamespot/images/box/8/1/7/919817_50732_back.jpg"
"Art of Fighting","Art of Fighting (US, 1994)","Box Front","http://image.gamespotcdn.net/gamespot/images/box/8/1/7/919817_88782_front.jpg"
"Art of Fighting","Art of Fighting (US, 1994)","Box Back","http://image.gamespotcdn.net/gamespot/images/box/8/1/7/919817_88782_back.jpg"
"Art of Fighting 2","Ryuuko no Ken 2 (JP, 09/09/94)","Box Front","http://image.gamespotcdn.net/gamespot/images/box/2/8/9/922289_86328_front.jpg"
"Art of Fighting 2","Ryuuko no Ken 2 (JP, 09/09/94)","Box Back","http://image.gamespotcdn.net/gamespot/images/box/2/8/9/922289_86328_back.jpg"
"Art of Fighting 2","Art of Fighting 2 (US, 1994)","Box Front","http://image.gamespotcdn.net/gamespot/images/box/2/8/9/922289_86327_front.jpg"
"Art of Fighting 2","Art of Fighting 2 (US, 1994)","Box Back","http://image.gamespotcdn.net/gamespot/images/box/2/8/9/922289_86327_back.jpg"
"Art of Fighting 3","Art of Fighting: Ryuuko no Ken Gaiden (JP, 06/14/96)","Box Front","http://image.gamespotcdn.net/gamespot/images/box/3/0/9/922309_86371_front.jpg"
"Art of Fighting 3","Art of Fighting: Ryuuko no Ken Gaiden (JP, 06/14/96)","Box Back","http://image.gamespotcdn.net/gamespot/images/box/3/0/9/922309_86371_back.jpg"
"Art of Fighting 3","Art of Fighting: Ryuuko no Ken Gaiden (Limited Edition) (JP, 06/14/96)","Box Front","http://image.gamespotcdn.net/gamespot/images/box/3/0/9/922309_306976_front.jpg"
"Art of Fighting 3","Art of Fighting: Ryuuko no Ken Gaiden (Limited Edition) (JP, 06/14/96)","Box Back","http://image.gamespotcdn.net/gamespot/images/box/3/0/9/922309_306976_back.jpg"
"Art of Fighting 3","Art of Fighting: Ryuuko no Ken Gaiden (JP, 06/14/96)","Box Front","http://image.gamespotcdn.net/gamespot/images/box/3/0/9/922309_86371_front.jpg"
"Art of Fighting 3","Art of Fighting: Ryuuko no Ken Gaiden (JP, 06/14/96)","Box Back","http://image.gamespotcdn.net/gamespot/images/box/3/0/9/922309_86371_back.jpg"
"Art of Fighting 3","Art of Fighting: Ryuuko no Ken Gaiden (Limited Edition) (JP, 06/14/96)","Box Front","http://image.gamespotcdn.net/gamespot/images/box/3/0/9/922309_306976_front.jpg"
"Art of Fighting 3","Art of Fighting: Ryuuko no Ken Gaiden (Limited Edition) (JP, 06/14/96)","Box Back","http://image.gamespotcdn.net/gamespot/images/box/3/0/9/922309_306976_back.jpg"
"Alpha Mission II","Alpha Mission II (US, 09/09/94)","Box Front","http://image.gamespotcdn.net/gamespot/images/box/2/1/8/922218_57682_front.jpg"
"Alpha Mission II","Alpha Mission II (US, 09/09/94)","Box Back","http://image.gamespotcdn.net/gamespot/images/box/2/1/8/922218_57682_back.jpg"
"Alpha Mission II","ASO II: Last Guardian (JP, 09/09/94)","Box Front","http://image.gamespotcdn.net/gamespot/images/box/2/1/8/922218_57683_front.jpg"
"Alpha Mission II","ASO II: Last Guardian (JP, 09/09/94)","Box Back","http://image.gamespotcdn.net/gamespot/images/box/2/1/8/922218_57683_back.jpg"
"The Last Blade 2","Bakumatsu Rouman Dai Ni Maku: Gekka no Kenshi (JP, 02/27/99)","Box Front","http://image.gamespotcdn.net/gamespot/images/box/8/5/1/562851_13630_front.jpg"
"The Last Blade 2","Bakumatsu Rouman Dai Ni Maku: Gekka no Kenshi (JP, 02/27/99)","Box Back","http://image.gamespotcdn.net/gamespot/images/box/8/5/1/562851_13630_back.jpg"
"The Last Blade 2","Bakumatsu Rouman Dai Ni Maku: Gekka no Kenshi (JP, 02/27/99)","Box Spine","http://image.gamespotcdn.net/gamespot/images/box/8/5/1/562851_13630_spine.jpg"
"The Last Blade","The Last Blade (US, 03/26/98)","Box Front","http://image.gamespotcdn.net/gamespot/images/box/3/1/7/922317_60771_front.jpg"
"The Last Blade","The Last Blade (US, 03/26/98)","Box Back","http://image.gamespotcdn.net/gamespot/images/box/3/1/7/922317_60771_back.jpg"
"The Last Blade","Bakumatsu Rouman: Gekka no Kenshi (JP, 03/26/98)","Box Front","http://image.gamespotcdn.net/gamespot/images/box/3/1/7/922317_86367_front.jpg"
"The Last Blade","Bakumatsu Rouman: Gekka no Kenshi (JP, 03/26/98)","Box Back","http://image.gamespotcdn.net/gamespot/images/box/3/1/7/922317_86367_back.jpg"
"Baseball Stars 2","Baseball Stars 2 (JP, 09/09/94)","Box Front","http://image.gamespotcdn.net/gamespot/images/box/0/1/8/920018_53351_front.jpg"
"Baseball Stars 2","Baseball Stars 2 (JP, 09/09/94)","Box Back","http://image.gamespotcdn.net/gamespot/images/box/0/1/8/920018_53351_back.jpg"
"Baseball Stars 2","Baseball Stars 2 (JP, 09/09/94)","Box Flap","http://image.gamespotcdn.net/gamespot/images/box/0/1/8/920018_53351_flap.jpg"
"Baseball Stars 2","Baseball Stars 2 (US, 1994)","Box Front","http://image.gamespotcdn.net/gamespot/images/box/0/1/8/920018_88783_front.jpg"
"Baseball Stars 2","Baseball Stars 2 (US, 1994)","Box Back","http://image.gamespotcdn.net/gamespot/images/box/0/1/8/920018_88783_back.jpg"
"Baseball Stars Professional","Baseball Stars Professional (JP, 04/21/95)","Box Front","http://image.gamespotcdn.net/gamespot/images/box/2/1/3/922213_57674_front.jpg"
"Baseball Stars Professional","Baseball Stars Professional (JP, 04/21/95)","Box Back","http://image.gamespotcdn.net/gamespot/images/box/2/1/3/922213_57674_back.jpg"
"Neo Turf Masters","Big Tournament Golf (JP, 05/01/96)","Box Front","http://image.gamespotcdn.net/gamespot/images/box/3/0/8/922308_86375_front.jpg"
"Neo Turf Masters","Big Tournament Golf (JP, 05/01/96)","Box Back","http://image.gamespotcdn.net/gamespot/images/box/3/0/8/922308_86375_back.jpg"
"Neo Turf Masters","Big Tournament Golf (JP, 05/01/96)","Box Spine","http://image.gamespotcdn.net/gamespot/images/box/3/0/8/922308_86375_spine.jpg"
"Neo Turf Masters","Big Tournament Golf (JP, 05/01/96)","Box Flap","http://image.gamespotcdn.net/gamespot/images/box/3/0/8/922308_86375_flap.jpg"
"Blue's Journey","Raguy (JP, 10/31/94)","Box Front","http://image.gamespotcdn.net/gamespot/images/box/3/2/4/922324_86338_front.jpg"
"Blue's Journey","Raguy (JP, 10/31/94)","Box Back","http://image.gamespotcdn.net/gamespot/images/box/3/2/4/922324_86338_back.jpg"
"Breakers","Breakers (JP, 04/25/97)","Box Front","http://image.gamespotcdn.net/gamespot/images/box/3/1/6/922316_86355_front.jpg"
"Breakers","Breakers (JP, 04/25/97)","Box Back","http://image.gamespotcdn.net/gamespot/images/box/3/1/6/922316_86355_back.jpg"
"Burning Fight","Burning Fight (US, 09/09/94)","Box Front","http://image.gamespotcdn.net/gamespot/images/box/2/2/5/922225_57694_front.jpg"
"Burning Fight","Burning Fight (US, 09/09/94)","Box Back","http://image.gamespotcdn.net/gamespot/images/box/2/2/5/922225_57694_back.jpg"
"Burning Fight","Burning Fight (JP, 09/09/94)","Box Front","http://image.gamespotcdn.net/gamespot/images/box/2/2/5/922225_57695_front.jpg"
"Burning Fight","Burning Fight (JP, 09/09/94)","Box Back","http://image.gamespotcdn.net/gamespot/images/box/2/2/5/922225_57695_back.jpg"
"Bust-A-Move","Puzzle Bobble (JP, 05/02/95)","Box Front","http://image.gamespotcdn.net/gamespot/images/box/0/3/1/587031_2422_front.jpg"
"Bust-A-Move","Puzzle Bobble (JP, 05/02/95)","Box Back","http://image.gamespotcdn.net/gamespot/images/box/0/3/1/587031_2422_back.jpg"
"Ironclad","Chotetsu Brikin'ger (JP, 09/20/96)","Box Front","http://image.gamespotcdn.net/gamespot/images/box/7/0/5/565705_5674_front.jpg"
"Ironclad","Chotetsu Brikin'ger (JP, 09/20/96)","Box Back","http://image.gamespotcdn.net/gamespot/images/box/7/0/5/565705_5674_back.jpg"
"Voltage Fighter Gowcaizer","Choujin Gakuen Gowcaizer (JP, 11/24/95)","Box Front","http://image.gamespotcdn.net/gamespot/images/box/3/0/5/922305_86362_front.jpg"
"Voltage Fighter Gowcaizer","Choujin Gakuen Gowcaizer (JP, 11/24/95)","Box Back","http://image.gamespotcdn.net/gamespot/images/box/3/0/5/922305_86362_back.jpg"
"Voltage Fighter Gowcaizer","Choujin Gakuen Gowcaizer (JP, 11/24/95)","Box Spine","http://image.gamespotcdn.net/gamespot/images/box/3/0/5/922305_86362_spine.jpg"
"Voltage Fighter Gowcaizer","Choujin Gakuen Gowcaizer (JP, 11/24/95)","Box Flap","http://image.gamespotcdn.net/gamespot/images/box/3/0/5/922305_86362_flap.jpg"
"Crossed Swords","Crossed Swords (JP, 10/31/94)","Box Front","http://image.gamespotcdn.net/gamespot/images/box/3/2/5/922325_86336_front.jpg"
"Crossed Swords","Crossed Swords (JP, 10/31/94)","Box Back","http://image.gamespotcdn.net/gamespot/images/box/3/2/5/922325_86336_back.jpg"
"Crossed Swords II","Crossed Swords II (JP, 05/02/95)","Box Front","http://image.gamespotcdn.net/gamespot/images/box/8/5/5/578855_18247_front.jpg"
"Crossed Swords II","Crossed Swords II (JP, 05/02/95)","Box Back","http://image.gamespotcdn.net/gamespot/images/box/8/5/5/578855_18247_back.jpg"
"Cyber-Lip","Cyber-Lip (JP, 04/21/95)","Box Front","http://image.gamespotcdn.net/gamespot/images/box/2/2/1/922221_57688_front.jpg"
"Cyber-Lip","Cyber-Lip (JP, 04/21/95)","Box Back","http://image.gamespotcdn.net/gamespot/images/box/2/2/1/922221_57688_back.jpg"
"Cyber-Lip","Cyber-Lip (JP, 04/21/95)","Box Spine","http://image.gamespotcdn.net/gamespot/images/box/2/2/1/922221_57688_spine.jpg"
"Cyber-Lip","Cyber-Lip (JP, 04/21/95)","Box Flap","http://image.gamespotcdn.net/gamespot/images/box/2/2/1/922221_57688_flap.jpg"
"Double Dragon","Double Dragon (JP, 06/02/95)","Box Front","http://image.gamespotcdn.net/gamespot/images/box/3/0/1/922301_86356_front.jpg"
"Double Dragon","Double Dragon (JP, 06/02/95)","Box Back","http://image.gamespotcdn.net/gamespot/images/box/3/0/1/922301_86356_back.jpg"
"Double Dragon","Double Dragon (JP, 06/02/95)","Box Flap","http://image.gamespotcdn.net/gamespot/images/box/3/0/1/922301_86356_flap.jpg"
"Double Dragon","Double Dragon (US, 1995)","Box Front","http://image.gamespotcdn.net/gamespot/images/box/3/0/1/922301_71046_front.jpg"
"Double Dragon","Double Dragon (US, 1995)","Box Back","http://image.gamespotcdn.net/gamespot/images/box/3/0/1/922301_71046_back.jpg"
"Double Dragon","Double Dragon (US, 1995)","Box Spine","http://image.gamespotcdn.net/gamespot/images/box/3/0/1/922301_71046_spine.jpg"
"Street Hoop","Street Hoop (US, 01/20/95)","Box Front","http://image.gamespotcdn.net/gamespot/images/box/2/9/8/922298_88787_front.jpg"
"Street Hoop","Street Hoop (US, 01/20/95)","Box Back","http://image.gamespotcdn.net/gamespot/images/box/2/9/8/922298_88787_back.jpg"
"Street Hoop","Dunk Dream (JP, 01/20/95)","Box Front","http://image.gamespotcdn.net/gamespot/images/box/2/9/8/922298_86342_front.jpg"
"Street Hoop","Dunk Dream (JP, 01/20/95)","Box Back","http://image.gamespotcdn.net/gamespot/images/box/2/9/8/922298_86342_back.jpg"
"Fatal Fury","Garou Densetsu: Shukumei no Tatakai (JP, 09/09/94)","Box Front","http://image.gamespotcdn.net/gamespot/images/box/8/1/4/919814_52853_front.jpg"
"Fatal Fury","Garou Densetsu: Shukumei no Tatakai (JP, 09/09/94)","Box Back","http://image.gamespotcdn.net/gamespot/images/box/8/1/4/919814_52853_back.jpg"
"Fatal Fury","Fatal Fury: The Battle of Fury (US, 1994)","Box Front","http://image.gamespotcdn.net/gamespot/images/box/8/1/4/919814_88784_front.jpg"
"Fatal Fury","Fatal Fury: The Battle of Fury (US, 1994)","Box Back","http://image.gamespotcdn.net/gamespot/images/box/8/1/4/919814_88784_back.jpg"
"Fatal Fury 2","Garou Densetsu 2: Arata-naru Tatakai (JP, 09/09/94)","Box Front","http://image.gamespotcdn.net/gamespot/images/box/8/1/6/919816_52857_front.jpg"
"Fatal Fury 2","Garou Densetsu 2: Arata-naru Tatakai (JP, 09/09/94)","Box Back","http://image.gamespotcdn.net/gamespot/images/box/8/1/6/919816_52857_back.jpg"
"Fatal Fury 2","Garou Densetsu 2: Arata-naru Tatakai (JP, 09/09/94)","Box Spine","http://image.gamespotcdn.net/gamespot/images/box/8/1/6/919816_52857_spine.jpg"
"Fatal Fury 3","Fatal Fury 3: Road to the Final Victory (US, 04/28/95)","Box Front","http://image.gamespotcdn.net/gamespot/images/box/8/1/5/919815_88785_front.jpg"
"Fatal Fury 3","Garou Densetsu 3: Haruka-naru Tatakai (JP, 04/28/95)","Box Front","http://image.gamespotcdn.net/gamespot/images/box/8/1/5/919815_52855_front.jpg"
"Fatal Fury 3","Garou Densetsu 3: Haruka-naru Tatakai (JP, 04/28/95)","Box Back","http://image.gamespotcdn.net/gamespot/images/box/8/1/5/919815_52855_back.jpg"
"Fatal Fury 3","Fatal Fury 3: Road to the Final Victory (US, 04/28/95)","Box Front","http://image.gamespotcdn.net/gamespot/images/box/8/1/5/919815_88785_front.jpg"
"Fatal Fury 3","Garou Densetsu 3: Haruka-naru Tatakai (JP, 04/28/95)","Box Front","http://image.gamespotcdn.net/gamespot/images/box/8/1/5/919815_52855_front.jpg"
"Fatal Fury 3","Garou Densetsu 3: Haruka-naru Tatakai (JP, 04/28/95)","Box Back","http://image.gamespotcdn.net/gamespot/images/box/8/1/5/919815_52855_back.jpg"
"Fatal Fury Special","Fatal Fury Special (US, 09/09/94)","Box Front","http://image.gamespotcdn.net/gamespot/images/box/2/9/0/922290_71047_front.jpg"
"Fatal Fury Special","Fatal Fury Special (US, 09/09/94)","Box Back","http://image.gamespotcdn.net/gamespot/images/box/2/9/0/922290_71047_back.jpg"
"Fatal Fury Special","Fatal Fury Special (US, 09/09/94)","Box Spine","http://image.gamespotcdn.net/gamespot/images/box/2/9/0/922290_71047_spine.jpg"
"Fatal Fury Special","Garou Densetsu Special (JP, 09/09/94)","Box Front","http://image.gamespotcdn.net/gamespot/images/box/2/9/0/922290_86320_front.jpg"
"Fatal Fury Special","Garou Densetsu Special (JP, 09/09/94)","Box Back","http://image.gamespotcdn.net/gamespot/images/box/2/9/0/922290_86320_back.jpg"
"Fatal Fury Special","Garou Densetsu Special (JP, 09/09/94)","Box Spine","http://image.gamespotcdn.net/gamespot/images/box/2/9/0/922290_86320_spine.jpg"
"Fatal Fury","Garou Densetsu: Shukumei no Tatakai (JP, 09/09/94)","Box Front","http://image.gamespotcdn.net/gamespot/images/box/8/1/4/919814_52853_front.jpg"
"Fatal Fury","Garou Densetsu: Shukumei no Tatakai (JP, 09/09/94)","Box Back","http://image.gamespotcdn.net/gamespot/images/box/8/1/4/919814_52853_back.jpg"
"Fatal Fury","Fatal Fury: The Battle of Fury (US, 1994)","Box Front","http://image.gamespotcdn.net/gamespot/images/box/8/1/4/919814_88784_front.jpg"
"Fatal Fury","Fatal Fury: The Battle of Fury (US, 1994)","Box Back","http://image.gamespotcdn.net/gamespot/images/box/8/1/4/919814_88784_back.jpg"
"Karnov's Revenge","Fighter's History Dynamite (JP, 12/22/94)","Box Front","http://image.gamespotcdn.net/gamespot/images/box/3/5/7/918357_5627_front.jpg"
"Karnov's Revenge","Fighter's History Dynamite (JP, 12/22/94)","Box Back","http://image.gamespotcdn.net/gamespot/images/box/3/5/7/918357_5627_back.jpg"
"Karnov's Revenge","Fighter's History Dynamite (JP, 12/22/94)","Box Spine","http://image.gamespotcdn.net/gamespot/images/box/3/5/7/918357_5627_spine.jpg"
"3 Count Bout","Fire Suplex (JP, 04/21/95)","Box Front","http://image.gamespotcdn.net/gamespot/images/box/2/8/7/922287_86346_front.jpg"
"3 Count Bout","Fire Suplex (JP, 04/21/95)","Box Back","http://image.gamespotcdn.net/gamespot/images/box/2/8/7/922287_86346_back.jpg"
"3 Count Bout","3 Count Bout (US, 04/23/95)","Box Front","http://image.gamespotcdn.net/gamespot/images/box/2/8/7/922287_71045_front.jpg"
"WindJammers","Flying Power Disk (JP, 01/20/95)","Box Front","http://image.gamespotcdn.net/gamespot/images/box/2/9/1/922291_86344_front.jpg"
"WindJammers","Flying Power Disk (JP, 01/20/95)","Box Back","http://image.gamespotcdn.net/gamespot/images/box/2/9/1/922291_86344_back.jpg"
"WindJammers","WindJammers (US, 1995)","Box Front","http://image.gamespotcdn.net/gamespot/images/box/2/9/1/922291_71054_front.jpg"
"WindJammers","WindJammers (US, 1995)","Box Back","http://image.gamespotcdn.net/gamespot/images/box/2/9/1/922291_71054_back.jpg"
"Football Frenzy","Football Frenzy (JP, 09/09/94)","Box Front","http://image.gamespotcdn.net/gamespot/images/box/3/2/8/922328_86326_front.jpg"
"Football Frenzy","Football Frenzy (JP, 09/09/94)","Box Back","http://image.gamespotcdn.net/gamespot/images/box/3/2/8/922328_86326_back.jpg"
"Savage Reign","Savage Reign (US, 06/16/95)","Box Front","http://image.gamespotcdn.net/gamespot/images/box/2/9/6/922296_89099_front.jpg"
"Savage Reign","Savage Reign (US, 06/16/95)","Box Back","http://image.gamespotcdn.net/gamespot/images/box/2/9/6/922296_89099_back.jpg"
"Savage Reign","Fu'un Mokushiroku: Kakutou Sousei (JP, 06/16/95)","Box Front","http://image.gamespotcdn.net/gamespot/images/box/2/9/6/922296_86359_front.jpg"
"Savage Reign","Fu'un Mokushiroku: Kakutou Sousei (JP, 06/16/95)","Box Back","http://image.gamespotcdn.net/gamespot/images/box/2/9/6/922296_86359_back.jpg"
"Savage Reign","Fu'un Mokushiroku: Kakutou Sousei (JP, 06/16/95)","Box Spine","http://image.gamespotcdn.net/gamespot/images/box/2/9/6/922296_86359_spine.jpg"
"Savage Reign","Fu'un Mokushiroku: Kakutou Sousei (JP, 06/16/95)","Box Flap","http://image.gamespotcdn.net/gamespot/images/box/2/9/6/922296_86359_flap.jpg"
"Futsal: 5 on 5 Mini Soccer","Futsal: 5 on 5 Mini Soccer (JP, 07/19/96)","Box Front","http://image.gamespotcdn.net/gamespot/images/box/7/1/6/565716_5692_front.jpg"
"Futsal: 5 on 5 Mini Soccer","Futsal: 5 on 5 Mini Soccer (JP, 07/19/96)","Box Back","http://image.gamespotcdn.net/gamespot/images/box/7/1/6/565716_5692_back.jpg"
"Galaxy Fight: Universal Warriors","Galaxy Fight: Universal Warriors (US, 04/21/95)","Box Front","http://image.gamespotcdn.net/gamespot/images/box/2/9/9/922299_89098_front.jpg"
"Galaxy Fight: Universal Warriors","Galaxy Fight: Universal Warriors (US, 04/21/95)","Box Back","http://image.gamespotcdn.net/gamespot/images/box/2/9/9/922299_89098_back.jpg"
"Galaxy Fight: Universal Warriors","Galaxy Fight: Universal Warriors (US, 04/21/95)","Box Spine","http://image.gamespotcdn.net/gamespot/images/box/2/9/9/922299_89098_spine.jpg"
"Galaxy Fight: Universal Warriors","Galaxy Fight: Universal Warriors (JP, 04/21/95)","Box Front","http://image.gamespotcdn.net/gamespot/images/box/2/9/9/922299_86347_front.jpg"
"Fatal Fury 2","Garou Densetsu 2: Arata-naru Tatakai (JP, 09/09/94)","Box Front","http://image.gamespotcdn.net/gamespot/images/box/8/1/6/919816_52857_front.jpg"
"Fatal Fury 2","Garou Densetsu 2: Arata-naru Tatakai (JP, 09/09/94)","Box Back","http://image.gamespotcdn.net/gamespot/images/box/8/1/6/919816_52857_back.jpg"
"Fatal Fury 2","Garou Densetsu 2: Arata-naru Tatakai (JP, 09/09/94)","Box Spine","http://image.gamespotcdn.net/gamespot/images/box/8/1/6/919816_52857_spine.jpg"
"Fatal Fury 3","Fatal Fury 3: Road to the Final Victory (US, 04/28/95)","Box Front","http://image.gamespotcdn.net/gamespot/images/box/8/1/5/919815_88785_front.jpg"
"Fatal Fury 3","Garou Densetsu 3: Haruka-naru Tatakai (JP, 04/28/95)","Box Front","http://image.gamespotcdn.net/gamespot/images/box/8/1/5/919815_52855_front.jpg"
"Fatal Fury 3","Garou Densetsu 3: Haruka-naru Tatakai (JP, 04/28/95)","Box Back","http://image.gamespotcdn.net/gamespot/images/box/8/1/5/919815_52855_back.jpg"
"Fatal Fury Special","Fatal Fury Special (US, 09/09/94)","Box Front","http://image.gamespotcdn.net/gamespot/images/box/2/9/0/922290_71047_front.jpg"
"Fatal Fury Special","Fatal Fury Special (US, 09/09/94)","Box Back","http://image.gamespotcdn.net/gamespot/images/box/2/9/0/922290_71047_back.jpg"
"Fatal Fury Special","Fatal Fury Special (US, 09/09/94)","Box Spine","http://image.gamespotcdn.net/gamespot/images/box/2/9/0/922290_71047_spine.jpg"
"Fatal Fury Special","Garou Densetsu Special (JP, 09/09/94)","Box Front","http://image.gamespotcdn.net/gamespot/images/box/2/9/0/922290_86320_front.jpg"
"Fatal Fury Special","Garou Densetsu Special (JP, 09/09/94)","Box Back","http://image.gamespotcdn.net/gamespot/images/box/2/9/0/922290_86320_back.jpg"
"Fatal Fury Special","Garou Densetsu Special (JP, 09/09/94)","Box Spine","http://image.gamespotcdn.net/gamespot/images/box/2/9/0/922290_86320_spine.jpg"
"Fatal Fury","Garou Densetsu: Shukumei no Tatakai (JP, 09/09/94)","Box Front","http://image.gamespotcdn.net/gamespot/images/box/8/1/4/919814_52853_front.jpg"
"Fatal Fury","Garou Densetsu: Shukumei no Tatakai (JP, 09/09/94)","Box Back","http://image.gamespotcdn.net/gamespot/images/box/8/1/4/919814_52853_back.jpg"
"Fatal Fury","Fatal Fury: The Battle of Fury (US, 1994)","Box Front","http://image.gamespotcdn.net/gamespot/images/box/8/1/4/919814_88784_front.jpg"
"Fatal Fury","Fatal Fury: The Battle of Fury (US, 1994)","Box Back","http://image.gamespotcdn.net/gamespot/images/box/8/1/4/919814_88784_back.jpg"
"Ghost Pilots","Ghost Pilots (US, 03/17/95)","Box Front","http://image.gamespotcdn.net/gamespot/images/box/3/2/3/922323_71048_front.jpg"
"Ghost Pilots","Ghost Pilots (US, 03/17/95)","Box Back","http://image.gamespotcdn.net/gamespot/images/box/3/2/3/922323_71048_back.jpg"
"Ghost Pilots","Ghost Pilots (JP, 03/17/95)","Box Front","http://image.gamespotcdn.net/gamespot/images/box/3/2/3/922323_86348_front.jpg"
"Ghost Pilots","Ghost Pilots (JP, 03/17/95)","Box Back","http://image.gamespotcdn.net/gamespot/images/box/3/2/3/922323_86348_back.jpg"
"Idol Mahjong Final Romance 2","Idol Mahjong Final Romance 2 (JP, 08/25/95)","Box Front","http://image.gamespotcdn.net/gamespot/images/box/6/8/1/565681_5649_front.jpg"
"Idol Mahjong Final Romance 2","Idol Mahjong Final Romance 2 (JP, 08/25/95)","Box Back","http://image.gamespotcdn.net/gamespot/images/box/6/8/1/565681_5649_back.jpg"
"Ironclad","Chotetsu Brikin'ger (JP, 09/20/96)","Box Front","http://image.gamespotcdn.net/gamespot/images/box/7/0/5/565705_5674_front.jpg"
"Ironclad","Chotetsu Brikin'ger (JP, 09/20/96)","Box Back","http://image.gamespotcdn.net/gamespot/images/box/7/0/5/565705_5674_back.jpg"
"Puzzled","Joy Joy Kid (JP, 09/09/94)","Box Front","http://image.gamespotcdn.net/gamespot/images/box/3/2/1/922321_86330_front.jpg"
"Puzzled","Joy Joy Kid (JP, 09/09/94)","Box Back","http://image.gamespotcdn.net/gamespot/images/box/3/2/1/922321_86330_back.jpg"
"Puzzled","Puzzled (US, 1994)","Box Front","http://image.gamespotcdn.net/gamespot/images/box/3/2/1/922321_86329_front.jpg"
"Puzzled","Puzzled (US, 1994)","Box Back","http://image.gamespotcdn.net/gamespot/images/box/3/2/1/922321_86329_back.jpg"
"Jyanshin Densetsu: Quest of Jongmaster","Jyanshin Densetsu: Quest of Jongmaster (JP, 03/31/95)","Box Front","http://image.gamespotcdn.net/gamespot/images/box/6/6/5/565665_5633_front.jpg"
"Jyanshin Densetsu: Quest of Jongmaster","Jyanshin Densetsu: Quest of Jongmaster (JP, 03/31/95)","Box Back","http://image.gamespotcdn.net/gamespot/images/box/6/6/5/565665_5633_back.jpg"
"Kabuki Klash","Tengai Makyou Shinden (JP, 11/24/95)","Box Front","http://image.gamespotcdn.net/gamespot/images/box/7/9/0/919790_43691_front.jpg"
"Kabuki Klash","Tengai Makyou Shinden (JP, 11/24/95)","Box Back","http://image.gamespotcdn.net/gamespot/images/box/7/9/0/919790_43691_back.jpg"
"Kabuki Klash","Tengai Makyou Shinden (JP, 11/24/95)","Box Spine","http://image.gamespotcdn.net/gamespot/images/box/7/9/0/919790_43691_spine.jpg"
"Karnov's Revenge","Fighter's History Dynamite (JP, 12/22/94)","Box Front","http://image.gamespotcdn.net/gamespot/images/box/3/5/7/918357_5627_front.jpg"
"Karnov's Revenge","Fighter's History Dynamite (JP, 12/22/94)","Box Back","http://image.gamespotcdn.net/gamespot/images/box/3/5/7/918357_5627_back.jpg"
"Karnov's Revenge","Fighter's History Dynamite (JP, 12/22/94)","Box Spine","http://image.gamespotcdn.net/gamespot/images/box/3/5/7/918357_5627_spine.jpg"
"The King of Fighters '94","The King of Fighters '94 (JP, 11/02/94)","Box Front","http://image.gamespotcdn.net/gamespot/images/box/3/9/0/920390_54999_front.jpg"
"The King of Fighters '94","The King of Fighters '94 (JP, 11/02/94)","Box Back","http://image.gamespotcdn.net/gamespot/images/box/3/9/0/920390_54999_back.jpg"
"The King of Fighters '94","The King of Fighters '94 (US, 1994)","Box Front","http://image.gamespotcdn.net/gamespot/images/box/3/9/0/920390_54998_front.jpg"
"The King of Fighters '94","The King of Fighters '94 (US, 1994)","Box Back","http://image.gamespotcdn.net/gamespot/images/box/3/9/0/920390_54998_back.jpg"
"The King of Fighters '95","The King of Fighters '95 (JP, 09/29/95)","Box Front","http://image.gamespotcdn.net/gamespot/images/box/0/2/2/921022_55001_front.jpg"
"The King of Fighters '95","The King of Fighters '95 (JP, 09/29/95)","Box Back","http://image.gamespotcdn.net/gamespot/images/box/0/2/2/921022_55001_back.jpg"
"The King of Fighters '95","The King of Fighters '95 (JP, 09/29/95)","Box Spine","http://image.gamespotcdn.net/gamespot/images/box/0/2/2/921022_55001_spine.jpg"
"The King of Fighters '95","The King of Fighters '95 (JP, 09/29/95)","Box Flap","http://image.gamespotcdn.net/gamespot/images/box/0/2/2/921022_55001_flap.jpg"
"The King of Fighters '95","The King of Fighters '95 (US, 1995)","Box Front","http://image.gamespotcdn.net/gamespot/images/box/0/2/2/921022_55000_front.jpg"
"The King of Fighters '95","The King of Fighters '95 (US, 1995)","Box Back","http://image.gamespotcdn.net/gamespot/images/box/0/2/2/921022_55000_back.jpg"
"The King of Fighters '96","The King of Fighters '96 (US, 10/25/96)","Box Front","http://image.gamespotcdn.net/gamespot/images/box/3/1/3/922313_89102_front.jpg"
"The King of Fighters '96","The King of Fighters '96 (US, 10/25/96)","Box Back","http://image.gamespotcdn.net/gamespot/images/box/3/1/3/922313_89102_back.jpg"
"The King of Fighters '96","The King of Fighters '96 (JP, 10/25/96)","Box Front","http://image.gamespotcdn.net/gamespot/images/box/3/1/3/922313_86369_front.jpg"
"The King of Fighters '96","The King of Fighters '96 (JP, 10/25/96)","Box Back","http://image.gamespotcdn.net/gamespot/images/box/3/1/3/922313_86369_back.jpg"
"The King of Fighters '96","The King of Fighters '96 (JP, 10/25/96)","Box Spine","http://image.gamespotcdn.net/gamespot/images/box/3/1/3/922313_86369_spine.jpg"
"The King of Fighters '96","The King of Fighters '96 (JP, 10/25/96)","Box Flap","http://image.gamespotcdn.net/gamespot/images/box/3/1/3/922313_86369_flap.jpg"
"The King of Fighters '96: NEOGEO Collection","The King of Fighters '96: NEOGEO Collection (JP, 02/14/97)","Box Front","http://image.gamespotcdn.net/gamespot/images/box/7/1/2/565712_5682_front.jpg"
"The King of Fighters '96: NEOGEO Collection","The King of Fighters '96: NEOGEO Collection (JP, 02/14/97)","Box Back","http://image.gamespotcdn.net/gamespot/images/box/7/1/2/565712_5682_back.jpg"
"The King of Fighters '97","The King of Fighters '97 (JP, 10/30/97)","Box Front","http://image.gamespotcdn.net/gamespot/images/box/3/1/5/922315_86365_front.jpg"
"The King of Fighters '97","The King of Fighters '97 (JP, 10/30/97)","Box Back","http://image.gamespotcdn.net/gamespot/images/box/3/1/5/922315_86365_back.jpg"
"The King of Fighters '97","The King of Fighters '97 (JP, 10/30/97)","Box Spine","http://image.gamespotcdn.net/gamespot/images/box/3/1/5/922315_86365_spine.jpg"
"The King of Fighters '97","The King of Fighters '97 (JP, 10/30/97)","Box Flap","http://image.gamespotcdn.net/gamespot/images/box/3/1/5/922315_86365_flap.jpg"
"The King of Fighters '97","The King of Fighters '97 (US, 1997)","Box Front","http://image.gamespotcdn.net/gamespot/images/box/3/1/5/922315_71052_front.jpg"
"The King of Fighters '97","The King of Fighters '97 (US, 1997)","Box Back","http://image.gamespotcdn.net/gamespot/images/box/3/1/5/922315_71052_back.jpg"
"The King of Fighters '98: The Slugfest","The King of Fighters '98: Dream Match Never Ends (JP, 12/23/98)","Box Front","http://image.gamespotcdn.net/gamespot/images/box/3/2/0/922320_86366_front.jpg"
"The King of Fighters '98: The Slugfest","The King of Fighters '98: Dream Match Never Ends (JP, 12/23/98)","Box Back","http://image.gamespotcdn.net/gamespot/images/box/3/2/0/922320_86366_back.jpg"
"The King of Fighters '98: The Slugfest","The King of Fighters '98: Dream Match Never Ends (Limited Edition) (JP, 12/23/98)","Box Front","http://image.gamespotcdn.net/gamespot/images/box/3/2/0/922320_89103_front.jpg"
"The King of Fighters '98: The Slugfest","The King of Fighters '98: Dream Match Never Ends (Limited Edition) (JP, 12/23/98)","Box Back","http://image.gamespotcdn.net/gamespot/images/box/3/2/0/922320_89103_back.jpg"
"The King of Fighters '98: The Slugfest","The King of Fighters '98: The Slugfest (US, 1998)","Box Front","http://image.gamespotcdn.net/gamespot/images/box/3/2/0/922320_71053_front.jpg"
"The King of Fighters '98: The Slugfest","The King of Fighters '98: The Slugfest (US, 1998)","Box Back","http://image.gamespotcdn.net/gamespot/images/box/3/2/0/922320_71053_back.jpg"
"The King of Fighters '98: The Slugfest","The King of Fighters '98: Dream Match Never Ends (JP, 12/23/98)","Box Front","http://image.gamespotcdn.net/gamespot/images/box/3/2/0/922320_86366_front.jpg"
"The King of Fighters '98: The Slugfest","The King of Fighters '98: Dream Match Never Ends (JP, 12/23/98)","Box Back","http://image.gamespotcdn.net/gamespot/images/box/3/2/0/922320_86366_back.jpg"
"The King of Fighters '98: The Slugfest","The King of Fighters '98: Dream Match Never Ends (Limited Edition) (JP, 12/23/98)","Box Front","http://image.gamespotcdn.net/gamespot/images/box/3/2/0/922320_89103_front.jpg"
"The King of Fighters '98: The Slugfest","The King of Fighters '98: Dream Match Never Ends (Limited Edition) (JP, 12/23/98)","Box Back","http://image.gamespotcdn.net/gamespot/images/box/3/2/0/922320_89103_back.jpg"
"The King of Fighters '98: The Slugfest","The King of Fighters '98: The Slugfest (US, 1998)","Box Front","http://image.gamespotcdn.net/gamespot/images/box/3/2/0/922320_71053_front.jpg"
"The King of Fighters '98: The Slugfest","The King of Fighters '98: The Slugfest (US, 1998)","Box Back","http://image.gamespotcdn.net/gamespot/images/box/3/2/0/922320_71053_back.jpg"
"The King of Fighters '99: Millennium Battle","The King of Fighters '99 (JP, 12/02/99)","Box Front","http://image.gamespotcdn.net/gamespot/images/box/3/5/8/918358_5691_front.jpg"
"The King of Fighters '99: Millennium Battle","The King of Fighters '99 (JP, 12/02/99)","Box Back","http://image.gamespotcdn.net/gamespot/images/box/3/5/8/918358_5691_back.jpg"
"The King of Fighters '99: Millennium Battle","The King of Fighters '99: Millennium Battle (US, 1999)","Box Front","http://image.gamespotcdn.net/gamespot/images/box/3/5/8/918358_48679_front.jpg"
"The King of Fighters '99: Millennium Battle","The King of Fighters '99: Millennium Battle (US, 1999)","Box Back","http://image.gamespotcdn.net/gamespot/images/box/3/5/8/918358_48679_back.jpg"
"The King of Fighters '99: Millennium Battle","The King of Fighters '99 (JP, 12/02/99)","Box Front","http://image.gamespotcdn.net/gamespot/images/box/3/5/8/918358_5691_front.jpg"
"The King of Fighters '99: Millennium Battle","The King of Fighters '99 (JP, 12/02/99)","Box Back","http://image.gamespotcdn.net/gamespot/images/box/3/5/8/918358_5691_back.jpg"
"The King of Fighters '99: Millennium Battle","The King of Fighters '99: Millennium Battle (US, 1999)","Box Front","http://image.gamespotcdn.net/gamespot/images/box/3/5/8/918358_48679_front.jpg"
"The King of Fighters '99: Millennium Battle","The King of Fighters '99: Millennium Battle (US, 1999)","Box Back","http://image.gamespotcdn.net/gamespot/images/box/3/5/8/918358_48679_back.jpg"
"King of the Monsters 2: The Next Thing","King of the Monsters 2: The Next Thing (JP, 09/09/94)","Box Front","http://image.gamespotcdn.net/gamespot/images/box/0/2/0/920020_53354_front.jpg"
"King of the Monsters 2: The Next Thing","King of the Monsters 2: The Next Thing (JP, 09/09/94)","Box Back","http://image.gamespotcdn.net/gamespot/images/box/0/2/0/920020_53354_back.jpg"
"The Last Blade 2","Bakumatsu Rouman Dai Ni Maku: Gekka no Kenshi (JP, 02/27/99)","Box Front","http://image.gamespotcdn.net/gamespot/images/box/8/5/1/562851_13630_front.jpg"
"The Last Blade 2","Bakumatsu Rouman Dai Ni Maku: Gekka no Kenshi (JP, 02/27/99)","Box Back","http://image.gamespotcdn.net/gamespot/images/box/8/5/1/562851_13630_back.jpg"
"The Last Blade 2","Bakumatsu Rouman Dai Ni Maku: Gekka no Kenshi (JP, 02/27/99)","Box Spine","http://image.gamespotcdn.net/gamespot/images/box/8/5/1/562851_13630_spine.jpg"
"The Last Blade","The Last Blade (US, 03/26/98)","Box Front","http://image.gamespotcdn.net/gamespot/images/box/3/1/7/922317_60771_front.jpg"
"The Last Blade","The Last Blade (US, 03/26/98)","Box Back","http://image.gamespotcdn.net/gamespot/images/box/3/1/7/922317_60771_back.jpg"
"The Last Blade","Bakumatsu Rouman: Gekka no Kenshi (JP, 03/26/98)","Box Front","http://image.gamespotcdn.net/gamespot/images/box/3/1/7/922317_86367_front.jpg"
"The Last Blade","Bakumatsu Rouman: Gekka no Kenshi (JP, 03/26/98)","Box Back","http://image.gamespotcdn.net/gamespot/images/box/3/1/7/922317_86367_back.jpg"
"Last Resort","Last Resort (US, 09/09/94)","Box Front","http://image.gamespotcdn.net/gamespot/images/box/3/3/0/922330_71049_front.jpg"
"Last Resort","Last Resort (US, 09/09/94)","Box Back","http://image.gamespotcdn.net/gamespot/images/box/3/3/0/922330_71049_back.jpg"
"Last Resort","Last Resort (JP, 09/09/94)","Box Front","http://image.gamespotcdn.net/gamespot/images/box/3/3/0/922330_86321_front.jpg"
"Last Resort","Last Resort (JP, 09/09/94)","Box Back","http://image.gamespotcdn.net/gamespot/images/box/3/3/0/922330_86321_back.jpg"
"League Bowling","League Bowling (JP, 09/09/94)","Box Front","http://image.gamespotcdn.net/gamespot/images/box/3/2/8/920328_86322_front.jpg"
"League Bowling","League Bowling (JP, 09/09/94)","Box Back","http://image.gamespotcdn.net/gamespot/images/box/3/2/8/920328_86322_back.jpg"
"League Bowling","League Bowling (US, 1994)","Box Front","http://image.gamespotcdn.net/gamespot/images/box/3/2/8/920328_57099_front.jpg"
"League Bowling","League Bowling (US, 1994)","Box Back","http://image.gamespotcdn.net/gamespot/images/box/3/2/8/920328_57099_back.jpg"
"Magical Drop 2","Magical Drop 2 (JP, 05/24/96)","Box Front","http://image.gamespotcdn.net/gamespot/images/box/3/1/0/922310_86373_front.jpg"
"Magical Drop 2","Magical Drop 2 (JP, 05/24/96)","Box Back","http://image.gamespotcdn.net/gamespot/images/box/3/1/0/922310_86373_back.jpg"
"Magician Lord","Magician Lord (JP, 10/31/94)","Box Front","http://image.gamespotcdn.net/gamespot/images/box/2/1/6/922216_57680_front.jpg"
"Magician Lord","Magician Lord (JP, 10/31/94)","Box Back","http://image.gamespotcdn.net/gamespot/images/box/2/1/6/922216_57680_back.jpg"
"Mahjong Kyoretsuden","Mahjong Kyoretsuden (JP, 09/09/94)","Box Front","http://image.gamespotcdn.net/gamespot/images/box/2/1/5/922215_57677_front.jpg"
"Mahjong Kyoretsuden","Mahjong Kyoretsuden (JP, 09/09/94)","Box Back","http://image.gamespotcdn.net/gamespot/images/box/2/1/5/922215_57677_back.jpg"
"Metal Slug","Metal Slug (US, 07/05/96)","Box Front","http://image.gamespotcdn.net/gamespot/images/box/3/1/1/922311_88974_front.jpg"
"Metal Slug","Metal Slug (US, 07/05/96)","Box Back","http://image.gamespotcdn.net/gamespot/images/box/3/1/1/922311_88974_back.jpg"
"Metal Slug","Metal Slug (JP, 07/05/96)","Box Front","http://image.gamespotcdn.net/gamespot/images/box/3/1/1/922311_86374_front.jpg"
"Metal Slug","Metal Slug (JP, 07/05/96)","Box Back","http://image.gamespotcdn.net/gamespot/images/box/3/1/1/922311_86374_back.jpg"
"Metal Slug","Metal Slug (JP, 07/05/96)","Box Spine","http://image.gamespotcdn.net/gamespot/images/box/3/1/1/922311_86374_spine.jpg"
"Metal Slug","Metal Slug (JP, 07/05/96)","Box Flap","http://image.gamespotcdn.net/gamespot/images/box/3/1/1/922311_86374_flap.jpg"
"Metal Slug 2","Metal Slug 2 (US, 06/25/98)","Box Front","http://image.gamespotcdn.net/gamespot/images/box/3/1/8/922318_88975_front.jpg"
"Metal Slug 2","Metal Slug 2 (US, 06/25/98)","Box Back","http://image.gamespotcdn.net/gamespot/images/box/3/1/8/922318_88975_back.jpg"
"Metal Slug 2","Metal Slug 2 (JP, 06/25/98)","Box Front","http://image.gamespotcdn.net/gamespot/images/box/3/1/8/922318_86363_front.jpg"
"Mutation Nation","Mutation Nation (US, 02/25/95)","Box Front","http://image.gamespotcdn.net/gamespot/images/box/2/1/0/922210_57668_front.jpg"
"Mutation Nation","Mutation Nation (US, 02/25/95)","Box Back","http://image.gamespotcdn.net/gamespot/images/box/2/1/0/922210_57668_back.jpg"
"Mutation Nation","Mutation Nation (US, 02/25/95)","Box Spine","http://image.gamespotcdn.net/gamespot/images/box/2/1/0/922210_57668_spine.jpg"
"Mutation Nation","Mutation Nation (JP, 02/25/95)","Box Front","http://image.gamespotcdn.net/gamespot/images/box/2/1/0/922210_57669_front.jpg"
"Mutation Nation","Mutation Nation (JP, 02/25/95)","Box Back","http://image.gamespotcdn.net/gamespot/images/box/2/1/0/922210_57669_back.jpg"
"NAM-1975","NAM-1975 (JP, 09/09/94)","Box Front","http://image.gamespotcdn.net/gamespot/images/box/2/1/1/922211_57671_front.jpg"
"NAM-1975","NAM-1975 (JP, 09/09/94)","Box Back","http://image.gamespotcdn.net/gamespot/images/box/2/1/1/922211_57671_back.jpg"
"Neo Drift Out: New Technology","Neo Drift Out: New Technology (JP, 07/26/96)","Box Front","http://image.gamespotcdn.net/gamespot/images/box/7/0/1/565701_5668_front.jpg"
"Neo Drift Out: New Technology","Neo Drift Out: New Technology (JP, 07/26/96)","Box Back","http://image.gamespotcdn.net/gamespot/images/box/7/0/1/565701_5668_back.jpg"
"Neo Drift Out: New Technology","Neo Drift Out: New Technology (JP, 07/26/96)","Box Spine","http://image.gamespotcdn.net/gamespot/images/box/7/0/1/565701_5668_spine.jpg"
"Neo Drift Out: New Technology","Neo Drift Out: New Technology (JP, 07/26/96)","Box Flap","http://image.gamespotcdn.net/gamespot/images/box/7/0/1/565701_5668_flap.jpg"
"Neo Turf Masters","Big Tournament Golf (JP, 05/01/96)","Box Front","http://image.gamespotcdn.net/gamespot/images/box/3/0/8/922308_86375_front.jpg"
"Neo Turf Masters","Big Tournament Golf (JP, 05/01/96)","Box Back","http://image.gamespotcdn.net/gamespot/images/box/3/0/8/922308_86375_back.jpg"
"Neo Turf Masters","Big Tournament Golf (JP, 05/01/96)","Box Spine","http://image.gamespotcdn.net/gamespot/images/box/3/0/8/922308_86375_spine.jpg"
"Neo Turf Masters","Big Tournament Golf (JP, 05/01/96)","Box Flap","http://image.gamespotcdn.net/gamespot/images/box/3/0/8/922308_86375_flap.jpg"
"Neo-Geo CD Special","Neo-Geo CD Special (JP, 12/22/96)","Box Front","http://image.gamespotcdn.net/gamespot/images/box/6/9/2/565692_5661_front.jpg"
"Neo-Geo CD Special","Neo-Geo CD Special (JP, 12/22/96)","Box Back","http://image.gamespotcdn.net/gamespot/images/box/6/9/2/565692_5661_back.jpg"
"Ninja Combat","Ninja Combat (JP, 10/31/94)","Box Front","http://image.gamespotcdn.net/gamespot/images/box/2/1/9/922219_57685_front.jpg"
"Ninja Combat","Ninja Combat (JP, 10/31/94)","Box Back","http://image.gamespotcdn.net/gamespot/images/box/2/1/9/922219_57685_back.jpg"
"Ninja Commando","Ninja Commando (JP, 10/31/94)","Box Front","http://image.gamespotcdn.net/gamespot/images/box/0/1/9/920019_53352_front.jpg"
"Ninja Commando","Ninja Commando (JP, 10/31/94)","Box Back","http://image.gamespotcdn.net/gamespot/images/box/0/1/9/920019_53352_back.jpg"
"Ninja Masters","Ninja Master's Haou Ninpou-chou (JP, 09/27/96)","Box Front","http://image.gamespotcdn.net/gamespot/images/box/3/1/2/922312_86370_front.jpg"
"Ninja Masters","Ninja Master's Haou Ninpou-chou (JP, 09/27/96)","Box Back","http://image.gamespotcdn.net/gamespot/images/box/3/1/2/922312_86370_back.jpg"
"Ninja Masters","Ninja Master's Haou Ninpou-chou (JP, 09/27/96)","Box Spine","http://image.gamespotcdn.net/gamespot/images/box/3/1/2/922312_86370_spine.jpg"
"Ninja Masters","Ninja Master's Haou Ninpou-chou (JP, 09/27/96)","Box Flap","http://image.gamespotcdn.net/gamespot/images/box/3/1/2/922312_86370_flap.jpg"
"Ninja Masters","Ninja Master's Haou Ninpou-chou (JP, 09/27/96)","Box Front","http://image.gamespotcdn.net/gamespot/images/box/3/1/2/922312_86370_front.jpg"
"Ninja Masters","Ninja Master's Haou Ninpou-chou (JP, 09/27/96)","Box Back","http://image.gamespotcdn.net/gamespot/images/box/3/1/2/922312_86370_back.jpg"
"Ninja Masters","Ninja Master's Haou Ninpou-chou (JP, 09/27/96)","Box Spine","http://image.gamespotcdn.net/gamespot/images/box/3/1/2/922312_86370_spine.jpg"
"Ninja Masters","Ninja Master's Haou Ninpou-chou (JP, 09/27/96)","Box Flap","http://image.gamespotcdn.net/gamespot/images/box/3/1/2/922312_86370_flap.jpg"
"Oshidashi Zintrick","Oshidashi Zintrick (JP, 03/22/96)","Box Front","http://image.gamespotcdn.net/gamespot/images/box/6/9/8/565698_5666_front.jpg"
"Oshidashi Zintrick","Oshidashi Zintrick (JP, 03/22/96)","Box Back","http://image.gamespotcdn.net/gamespot/images/box/6/9/8/565698_5666_back.jpg"
"Oshidashi Zintrick","Oshidashi Zintrick (JP, 03/22/96)","Box Spine","http://image.gamespotcdn.net/gamespot/images/box/6/9/8/565698_5666_spine.jpg"
"Oshidashi Zintrick","Oshidashi Zintrick (JP, 03/22/96)","Box Flap","http://image.gamespotcdn.net/gamespot/images/box/6/9/8/565698_5666_flap.jpg"
"OverTop","OverTop (JP, 07/05/96)","Box Front","http://image.gamespotcdn.net/gamespot/images/box/3/6/0/918360_5670_front.jpg"
"OverTop","OverTop (JP, 07/05/96)","Box Back","http://image.gamespotcdn.net/gamespot/images/box/3/6/0/918360_5670_back.jpg"
"Power Spikes II","Power Spikes II (JP, 03/18/95)","Box Front","http://image.gamespotcdn.net/gamespot/images/box/7/4/4/575744_15300_front.jpg"
"Power Spikes II","Power Spikes II (JP, 03/18/95)","Box Back","http://image.gamespotcdn.net/gamespot/images/box/7/4/4/575744_15300_back.jpg"
"Power Spikes II","Power Spikes II (JP, 03/18/95)","Box Spine","http://image.gamespotcdn.net/gamespot/images/box/7/4/4/575744_15300_spine.jpg"
"Power Spikes II","Power Spikes II (JP, 03/18/95)","Box Flap","http://image.gamespotcdn.net/gamespot/images/box/7/4/4/575744_15300_flap.jpg"
"Pulstar","Pulstar (US, 10/27/95)","Box Front","http://image.gamespotcdn.net/gamespot/images/box/3/0/4/922304_88976_front.jpg"
"Pulstar","Pulstar (US, 10/27/95)","Box Back","http://image.gamespotcdn.net/gamespot/images/box/3/0/4/922304_88976_back.jpg"
"Pulstar","Pulstar (JP, 10/27/95)","Box Front","http://image.gamespotcdn.net/gamespot/images/box/3/0/4/922304_86357_front.jpg"
"Pulstar","Pulstar (JP, 10/27/95)","Box Back","http://image.gamespotcdn.net/gamespot/images/box/3/0/4/922304_86357_back.jpg"
"Bust-A-Move","Puzzle Bobble (JP, 05/02/95)","Box Front","http://image.gamespotcdn.net/gamespot/images/box/0/3/1/587031_2422_front.jpg"
"Bust-A-Move","Puzzle Bobble (JP, 05/02/95)","Box Back","http://image.gamespotcdn.net/gamespot/images/box/0/3/1/587031_2422_back.jpg"
"Puzzled","Joy Joy Kid (JP, 09/09/94)","Box Front","http://image.gamespotcdn.net/gamespot/images/box/3/2/1/922321_86330_front.jpg"
"Puzzled","Joy Joy Kid (JP, 09/09/94)","Box Back","http://image.gamespotcdn.net/gamespot/images/box/3/2/1/922321_86330_back.jpg"
"Puzzled","Puzzled (US, 1994)","Box Front","http://image.gamespotcdn.net/gamespot/images/box/3/2/1/922321_86329_front.jpg"
"Puzzled","Puzzled (US, 1994)","Box Back","http://image.gamespotcdn.net/gamespot/images/box/3/2/1/922321_86329_back.jpg"
"Quiz King of Fighters","Quiz King of Fighters (JP, 04/07/95)","Box Front","http://image.gamespotcdn.net/gamespot/images/box/3/0/0/922300_86353_front.jpg"
"Quiz King of Fighters","Quiz King of Fighters (JP, 04/07/95)","Box Back","http://image.gamespotcdn.net/gamespot/images/box/3/0/0/922300_86353_back.jpg"
"Ragnagard","Shin-Oh-Ken (JP, 08/23/96)","Box Front","http://image.gamespotcdn.net/gamespot/images/box/3/0/3/922303_86372_front.jpg"
"Ragnagard","Shin-Oh-Ken (JP, 08/23/96)","Box Back","http://image.gamespotcdn.net/gamespot/images/box/3/0/3/922303_86372_back.jpg"
"Ragnagard","Shin-Oh-Ken (JP, 08/23/96)","Box Spine","http://image.gamespotcdn.net/gamespot/images/box/3/0/3/922303_86372_spine.jpg"
"Ragnagard","Shin-Oh-Ken (JP, 08/23/96)","Box Flap","http://image.gamespotcdn.net/gamespot/images/box/3/0/3/922303_86372_flap.jpg"
"Blue's Journey","Raguy (JP, 10/31/94)","Box Front","http://image.gamespotcdn.net/gamespot/images/box/3/2/4/922324_86338_front.jpg"
"Blue's Journey","Raguy (JP, 10/31/94)","Box Back","http://image.gamespotcdn.net/gamespot/images/box/3/2/4/922324_86338_back.jpg"
"Rally Chase","Rally Chase (JP, 10/31/94)","Box Front","http://image.gamespotcdn.net/gamespot/images/box/0/3/6/582036_21391_front.jpg"
"Rally Chase","Rally Chase (JP, 10/31/94)","Box Back","http://image.gamespotcdn.net/gamespot/images/box/0/3/6/582036_21391_back.jpg"
"Rally Chase","Rally Chase (US, 1994)","Box Front","http://image.gamespotcdn.net/gamespot/images/box/0/3/6/582036_89171_front.jpg"
"Rally Chase","Rally Chase (US, 1994)","Box Back","http://image.gamespotcdn.net/gamespot/images/box/0/3/6/582036_89171_back.jpg"
"Rally Chase","Rally Chase (US, 1994)","Box Spine","http://image.gamespotcdn.net/gamespot/images/box/0/3/6/582036_89171_spine.jpg"
"Real Bout Fatal Fury","Real Bout Fatal Fury (US, 02/23/96)","Box Front","http://image.gamespotcdn.net/gamespot/images/box/0/1/9/921019_57921_front.jpg"
"Real Bout Fatal Fury","Real Bout Fatal Fury (US, 02/23/96)","Box Back","http://image.gamespotcdn.net/gamespot/images/box/0/1/9/921019_57921_back.jpg"
"Real Bout Fatal Fury","Real Bout Garou Densetsu (JP, 02/23/96)","Box Front","http://image.gamespotcdn.net/gamespot/images/box/0/1/9/921019_54995_front.jpg"
"Real Bout Fatal Fury","Real Bout Garou Densetsu (JP, 02/23/96)","Box Back","http://image.gamespotcdn.net/gamespot/images/box/0/1/9/921019_54995_back.jpg"
"Real Bout Fatal Fury","Real Bout Garou Densetsu (JP, 02/23/96)","Box Spine","http://image.gamespotcdn.net/gamespot/images/box/0/1/9/921019_54995_spine.jpg"
"Real Bout Fatal Fury","Real Bout Garou Densetsu (JP, 02/23/96)","Box Flap","http://image.gamespotcdn.net/gamespot/images/box/0/1/9/921019_54995_flap.jpg"
"Real Bout Fatal Fury 2","Real Bout Garou Densetsu 2 (JP, 07/23/98)","Box Front","http://image.gamespotcdn.net/gamespot/images/box/3/1/9/922319_86364_front.jpg"
"Real Bout Fatal Fury 2","Real Bout Garou Densetsu 2 (JP, 07/23/98)","Box Back","http://image.gamespotcdn.net/gamespot/images/box/3/1/9/922319_86364_back.jpg"
"Real Bout Fatal Fury Special","Real Bout Garou Densetsu Special (JP, 03/30/97)","Box Front","http://image.gamespotcdn.net/gamespot/images/box/8/9/4/918894_26333_front.jpg"
"Real Bout Fatal Fury Special","Real Bout Garou Densetsu Special (JP, 03/30/97)","Box Back","http://image.gamespotcdn.net/gamespot/images/box/8/9/4/918894_26333_back.jpg"
"Real Bout Fatal Fury Special","Real Bout Fatal Fury Special (US, 1997)","Box Front","http://image.gamespotcdn.net/gamespot/images/box/8/9/4/918894_49014_front.jpg"
"Real Bout Fatal Fury Special","Real Bout Fatal Fury Special (US, 1997)","Box Back","http://image.gamespotcdn.net/gamespot/images/box/8/9/4/918894_49014_back.jpg"
"Real Bout Fatal Fury","Real Bout Fatal Fury (US, 02/23/96)","Box Front","http://image.gamespotcdn.net/gamespot/images/box/0/1/9/921019_57921_front.jpg"
"Real Bout Fatal Fury","Real Bout Fatal Fury (US, 02/23/96)","Box Back","http://image.gamespotcdn.net/gamespot/images/box/0/1/9/921019_57921_back.jpg"
"Real Bout Fatal Fury","Real Bout Garou Densetsu (JP, 02/23/96)","Box Front","http://image.gamespotcdn.net/gamespot/images/box/0/1/9/921019_54995_front.jpg"
"Real Bout Fatal Fury","Real Bout Garou Densetsu (JP, 02/23/96)","Box Back","http://image.gamespotcdn.net/gamespot/images/box/0/1/9/921019_54995_back.jpg"
"Real Bout Fatal Fury","Real Bout Garou Densetsu (JP, 02/23/96)","Box Spine","http://image.gamespotcdn.net/gamespot/images/box/0/1/9/921019_54995_spine.jpg"
"Real Bout Fatal Fury","Real Bout Garou Densetsu (JP, 02/23/96)","Box Flap","http://image.gamespotcdn.net/gamespot/images/box/0/1/9/921019_54995_flap.jpg"
"Real Bout Fatal Fury 2","Real Bout Garou Densetsu 2 (JP, 07/23/98)","Box Front","http://image.gamespotcdn.net/gamespot/images/box/3/1/9/922319_86364_front.jpg"
"Real Bout Fatal Fury 2","Real Bout Garou Densetsu 2 (JP, 07/23/98)","Box Back","http://image.gamespotcdn.net/gamespot/images/box/3/1/9/922319_86364_back.jpg"
"Real Bout Fatal Fury Special","Real Bout Garou Densetsu Special (JP, 03/30/97)","Box Front","http://image.gamespotcdn.net/gamespot/images/box/8/9/4/918894_26333_front.jpg"
"Real Bout Fatal Fury Special","Real Bout Garou Densetsu Special (JP, 03/30/97)","Box Back","http://image.gamespotcdn.net/gamespot/images/box/8/9/4/918894_26333_back.jpg"
"Real Bout Fatal Fury Special","Real Bout Fatal Fury Special (US, 1997)","Box Front","http://image.gamespotcdn.net/gamespot/images/box/8/9/4/918894_49014_front.jpg"
"Real Bout Fatal Fury Special","Real Bout Fatal Fury Special (US, 1997)","Box Back","http://image.gamespotcdn.net/gamespot/images/box/8/9/4/918894_49014_back.jpg"
"Riding Hero","Riding Hero (JP, 05/26/95)","Box Front","http://image.gamespotcdn.net/gamespot/images/box/3/2/2/922322_86358_front.jpg"
"Riding Hero","Riding Hero (JP, 05/26/95)","Box Back","http://image.gamespotcdn.net/gamespot/images/box/3/2/2/922322_86358_back.jpg"
"Riding Hero","Riding Hero (JP, 05/26/95)","Box Spine","http://image.gamespotcdn.net/gamespot/images/box/3/2/2/922322_86358_spine.jpg"
"Riding Hero","Riding Hero (JP, 05/26/95)","Box Flap","http://image.gamespotcdn.net/gamespot/images/box/3/2/2/922322_86358_flap.jpg"
"Robo Army","Robo Army (US, 04/21/95)","Box Front","http://image.gamespotcdn.net/gamespot/images/box/3/2/7/922327_88786_front.jpg"
"Robo Army","Robo Army (US, 04/21/95)","Box Back","http://image.gamespotcdn.net/gamespot/images/box/3/2/7/922327_88786_back.jpg"
"Robo Army","Robo Army (JP, 04/21/95)","Box Front","http://image.gamespotcdn.net/gamespot/images/box/3/2/7/922327_86349_front.jpg"
"Robo Army","Robo Army (JP, 04/21/95)","Box Back","http://image.gamespotcdn.net/gamespot/images/box/3/2/7/922327_86349_back.jpg"
"Art of Fighting","Ryuuko no Ken (JP, 09/09/94)","Box Front","http://image.gamespotcdn.net/gamespot/images/box/8/1/7/919817_50732_front.jpg"
"Art of Fighting","Ryuuko no Ken (JP, 09/09/94)","Box Back","http://image.gamespotcdn.net/gamespot/images/box/8/1/7/919817_50732_back.jpg"
"Art of Fighting","Art of Fighting (US, 1994)","Box Front","http://image.gamespotcdn.net/gamespot/images/box/8/1/7/919817_88782_front.jpg"
"Art of Fighting","Art of Fighting (US, 1994)","Box Back","http://image.gamespotcdn.net/gamespot/images/box/8/1/7/919817_88782_back.jpg"
"Art of Fighting 2","Ryuuko no Ken 2 (JP, 09/09/94)","Box Front","http://image.gamespotcdn.net/gamespot/images/box/2/8/9/922289_86328_front.jpg"
"Art of Fighting 2","Ryuuko no Ken 2 (JP, 09/09/94)","Box Back","http://image.gamespotcdn.net/gamespot/images/box/2/8/9/922289_86328_back.jpg"
"Art of Fighting 2","Art of Fighting 2 (US, 1994)","Box Front","http://image.gamespotcdn.net/gamespot/images/box/2/8/9/922289_86327_front.jpg"
"Art of Fighting 2","Art of Fighting 2 (US, 1994)","Box Back","http://image.gamespotcdn.net/gamespot/images/box/2/8/9/922289_86327_back.jpg"
"Samurai Shodown","Samurai Spirits (JP, 09/09/94)","Box Front","http://image.gamespotcdn.net/gamespot/images/box/0/2/5/920025_53366_front.jpg"
"Samurai Shodown","Samurai Spirits (JP, 09/09/94)","Box Back","http://image.gamespotcdn.net/gamespot/images/box/0/2/5/920025_53366_back.jpg"
"Samurai Shodown","Samurai Spirits (JP, 09/09/94)","Box Spine","http://image.gamespotcdn.net/gamespot/images/box/0/2/5/920025_53366_spine.jpg"
"Samurai Shodown II","Samurai Shodown II (US, 12/15/94)","Box Front","http://image.gamespotcdn.net/gamespot/images/box/6/7/0/565670_88977_front.jpg"
"Samurai Shodown II","Samurai Shodown II (US, 12/15/94)","Box Back","http://image.gamespotcdn.net/gamespot/images/box/6/7/0/565670_88977_back.jpg"
"Samurai Shodown II","Shin Samurai Spirits: Haohmaru Jigokuhen (JP, 12/15/94)","Box Front","http://image.gamespotcdn.net/gamespot/images/box/6/7/0/565670_5637_front.jpg"
"Samurai Shodown II","Shin Samurai Spirits: Haohmaru Jigokuhen (JP, 12/15/94)","Box Back","http://image.gamespotcdn.net/gamespot/images/box/6/7/0/565670_5637_back.jpg"
"Samurai Shodown III","Samurai Shodown III (US, 12/29/95)","Box Front","http://image.gamespotcdn.net/gamespot/images/box/0/2/3/921023_89170_front.jpg"
"Samurai Shodown III","Samurai Shodown III (US, 12/29/95)","Box Back","http://image.gamespotcdn.net/gamespot/images/box/0/2/3/921023_89170_back.jpg"
"Samurai Shodown III","Samurai Spirits: Zankurou Musouken (JP, 12/29/95)","Box Front","http://image.gamespotcdn.net/gamespot/images/box/0/2/3/921023_55002_front.jpg"
"Samurai Shodown III","Samurai Spirits: Zankurou Musouken (JP, 12/29/95)","Box Back","http://image.gamespotcdn.net/gamespot/images/box/0/2/3/921023_55002_back.jpg"
"Samurai Shodown III","Samurai Spirits: Zankurou Musouken (JP, 12/29/95)","Box Spine","http://image.gamespotcdn.net/gamespot/images/box/0/2/3/921023_55002_spine.jpg"
"Samurai Shodown III","Samurai Spirits: Zankurou Musouken (JP, 12/29/95)","Box Flap","http://image.gamespotcdn.net/gamespot/images/box/0/2/3/921023_55002_flap.jpg"
"Samurai Shodown IV: Amakusa's Revenge","Samurai Shodown IV: Amakusa's Revenge (US, 12/27/96)","Box Front","http://image.gamespotcdn.net/gamespot/images/box/8/4/4/921844_56561_front.jpg"
"Samurai Shodown IV: Amakusa's Revenge","Samurai Shodown IV: Amakusa's Revenge (US, 12/27/96)","Box Back","http://image.gamespotcdn.net/gamespot/images/box/8/4/4/921844_56561_back.jpg"
"Samurai Shodown IV: Amakusa's Revenge","Samurai Spirits: Amakusa Kourin (JP, 12/27/96)","Box Front","http://image.gamespotcdn.net/gamespot/images/box/8/4/4/921844_56562_front.jpg"
"Samurai Shodown IV: Amakusa's Revenge","Samurai Spirits: Amakusa Kourin (JP, 12/27/96)","Box Back","http://image.gamespotcdn.net/gamespot/images/box/8/4/4/921844_56562_back.jpg"
"Samurai Shodown IV: Amakusa's Revenge","Samurai Spirits: Amakusa Kourin (JP, 12/27/96)","Box Spine","http://image.gamespotcdn.net/gamespot/images/box/8/4/4/921844_56562_spine.jpg"
"Samurai Shodown IV: Amakusa's Revenge","Samurai Spirits: Amakusa Kourin (JP, 12/27/96)","Box Flap","http://image.gamespotcdn.net/gamespot/images/box/8/4/4/921844_56562_flap.jpg"
"Samurai Shodown","Samurai Spirits (JP, 09/09/94)","Box Front","http://image.gamespotcdn.net/gamespot/images/box/0/2/5/920025_53366_front.jpg"
"Samurai Shodown","Samurai Spirits (JP, 09/09/94)","Box Back","http://image.gamespotcdn.net/gamespot/images/box/0/2/5/920025_53366_back.jpg"
"Samurai Shodown","Samurai Spirits (JP, 09/09/94)","Box Spine","http://image.gamespotcdn.net/gamespot/images/box/0/2/5/920025_53366_spine.jpg"
"Samurai Shodown IV: Amakusa's Revenge","Samurai Shodown IV: Amakusa's Revenge (US, 12/27/96)","Box Front","http://image.gamespotcdn.net/gamespot/images/box/8/4/4/921844_56561_front.jpg"
"Samurai Shodown IV: Amakusa's Revenge","Samurai Shodown IV: Amakusa's Revenge (US, 12/27/96)","Box Back","http://image.gamespotcdn.net/gamespot/images/box/8/4/4/921844_56561_back.jpg"
"Samurai Shodown IV: Amakusa's Revenge","Samurai Spirits: Amakusa Kourin (JP, 12/27/96)","Box Front","http://image.gamespotcdn.net/gamespot/images/box/8/4/4/921844_56562_front.jpg"
"Samurai Shodown IV: Amakusa's Revenge","Samurai Spirits: Amakusa Kourin (JP, 12/27/96)","Box Back","http://image.gamespotcdn.net/gamespot/images/box/8/4/4/921844_56562_back.jpg"
"Samurai Shodown IV: Amakusa's Revenge","Samurai Spirits: Amakusa Kourin (JP, 12/27/96)","Box Spine","http://image.gamespotcdn.net/gamespot/images/box/8/4/4/921844_56562_spine.jpg"
"Samurai Shodown IV: Amakusa's Revenge","Samurai Spirits: Amakusa Kourin (JP, 12/27/96)","Box Flap","http://image.gamespotcdn.net/gamespot/images/box/8/4/4/921844_56562_flap.jpg"
"Samurai Shodown III","Samurai Shodown III (US, 12/29/95)","Box Front","http://image.gamespotcdn.net/gamespot/images/box/0/2/3/921023_89170_front.jpg"
"Samurai Shodown III","Samurai Shodown III (US, 12/29/95)","Box Back","http://image.gamespotcdn.net/gamespot/images/box/0/2/3/921023_89170_back.jpg"
"Samurai Shodown III","Samurai Spirits: Zankurou Musouken (JP, 12/29/95)","Box Front","http://image.gamespotcdn.net/gamespot/images/box/0/2/3/921023_55002_front.jpg"
"Samurai Shodown III","Samurai Spirits: Zankurou Musouken (JP, 12/29/95)","Box Back","http://image.gamespotcdn.net/gamespot/images/box/0/2/3/921023_55002_back.jpg"
"Samurai Shodown III","Samurai Spirits: Zankurou Musouken (JP, 12/29/95)","Box Spine","http://image.gamespotcdn.net/gamespot/images/box/0/2/3/921023_55002_spine.jpg"
"Samurai Shodown III","Samurai Spirits: Zankurou Musouken (JP, 12/29/95)","Box Flap","http://image.gamespotcdn.net/gamespot/images/box/0/2/3/921023_55002_flap.jpg"
"Savage Reign","Savage Reign (US, 06/16/95)","Box Front","http://image.gamespotcdn.net/gamespot/images/box/2/9/6/922296_89099_front.jpg"
"Savage Reign","Savage Reign (US, 06/16/95)","Box Back","http://image.gamespotcdn.net/gamespot/images/box/2/9/6/922296_89099_back.jpg"
"Savage Reign","Fu'un Mokushiroku: Kakutou Sousei (JP, 06/16/95)","Box Front","http://image.gamespotcdn.net/gamespot/images/box/2/9/6/922296_86359_front.jpg"
"Savage Reign","Fu'un Mokushiroku: Kakutou Sousei (JP, 06/16/95)","Box Back","http://image.gamespotcdn.net/gamespot/images/box/2/9/6/922296_86359_back.jpg"
"Savage Reign","Fu'un Mokushiroku: Kakutou Sousei (JP, 06/16/95)","Box Spine","http://image.gamespotcdn.net/gamespot/images/box/2/9/6/922296_86359_spine.jpg"
"Savage Reign","Fu'un Mokushiroku: Kakutou Sousei (JP, 06/16/95)","Box Flap","http://image.gamespotcdn.net/gamespot/images/box/2/9/6/922296_86359_flap.jpg"
"Sengoku","Sengoku Denshou (JP, 03/17/95)","Box Front","http://image.gamespotcdn.net/gamespot/images/box/2/2/4/922224_86350_front.jpg"
"Sengoku","Sengoku Denshou (JP, 03/17/95)","Box Back","http://image.gamespotcdn.net/gamespot/images/box/2/2/4/922224_86350_back.jpg"
"Sengoku 2","Sengoku Denshou 2 (JP, 03/17/95)","Box Front","http://image.gamespotcdn.net/gamespot/images/box/0/2/4/920024_53363_front.jpg"
"Sengoku 2","Sengoku Denshou 2 (JP, 03/17/95)","Box Back","http://image.gamespotcdn.net/gamespot/images/box/0/2/4/920024_53363_back.jpg"
"Sengoku 2","Sengoku Denshou 2 (JP, 03/17/95)","Box Spine","http://image.gamespotcdn.net/gamespot/images/box/0/2/4/920024_53363_spine.jpg"
"Sengoku 2","Sengoku Denshou 2 (JP, 03/17/95)","Box Flap","http://image.gamespotcdn.net/gamespot/images/box/0/2/4/920024_53363_flap.jpg"
"Sengoku 2","Sengoku 2 (US, 1995)","Box Front","http://image.gamespotcdn.net/gamespot/images/box/0/2/4/920024_53365_front.jpg"
"Sengoku 2","Sengoku 2 (US, 1995)","Box Back","http://image.gamespotcdn.net/gamespot/images/box/0/2/4/920024_53365_back.jpg"
"Sengoku","Sengoku Denshou (JP, 03/17/95)","Box Front","http://image.gamespotcdn.net/gamespot/images/box/2/2/4/922224_86350_front.jpg"
"Sengoku","Sengoku Denshou (JP, 03/17/95)","Box Back","http://image.gamespotcdn.net/gamespot/images/box/2/2/4/922224_86350_back.jpg"
"Sengoku 2","Sengoku Denshou 2 (JP, 03/17/95)","Box Front","http://image.gamespotcdn.net/gamespot/images/box/0/2/4/920024_53363_front.jpg"
"Sengoku 2","Sengoku Denshou 2 (JP, 03/17/95)","Box Back","http://image.gamespotcdn.net/gamespot/images/box/0/2/4/920024_53363_back.jpg"
"Sengoku 2","Sengoku Denshou 2 (JP, 03/17/95)","Box Spine","http://image.gamespotcdn.net/gamespot/images/box/0/2/4/920024_53363_spine.jpg"
"Sengoku 2","Sengoku Denshou 2 (JP, 03/17/95)","Box Flap","http://image.gamespotcdn.net/gamespot/images/box/0/2/4/920024_53363_flap.jpg"
"Sengoku 2","Sengoku 2 (US, 1995)","Box Front","http://image.gamespotcdn.net/gamespot/images/box/0/2/4/920024_53365_front.jpg"
"Sengoku 2","Sengoku 2 (US, 1995)","Box Back","http://image.gamespotcdn.net/gamespot/images/box/0/2/4/920024_53365_back.jpg"
"Samurai Shodown II","Samurai Shodown II (US, 12/15/94)","Box Front","http://image.gamespotcdn.net/gamespot/images/box/6/7/0/565670_88977_front.jpg"
"Samurai Shodown II","Samurai Shodown II (US, 12/15/94)","Box Back","http://image.gamespotcdn.net/gamespot/images/box/6/7/0/565670_88977_back.jpg"
"Samurai Shodown II","Shin Samurai Spirits: Haohmaru Jigokuhen (JP, 12/15/94)","Box Front","http://image.gamespotcdn.net/gamespot/images/box/6/7/0/565670_5637_front.jpg"
"Samurai Shodown II","Shin Samurai Spirits: Haohmaru Jigokuhen (JP, 12/15/94)","Box Back","http://image.gamespotcdn.net/gamespot/images/box/6/7/0/565670_5637_back.jpg"
"Ragnagard","Shin-Oh-Ken (JP, 08/23/96)","Box Front","http://image.gamespotcdn.net/gamespot/images/box/3/0/3/922303_86372_front.jpg"
"Ragnagard","Shin-Oh-Ken (JP, 08/23/96)","Box Back","http://image.gamespotcdn.net/gamespot/images/box/3/0/3/922303_86372_back.jpg"
"Ragnagard","Shin-Oh-Ken (JP, 08/23/96)","Box Spine","http://image.gamespotcdn.net/gamespot/images/box/3/0/3/922303_86372_spine.jpg"
"Ragnagard","Shin-Oh-Ken (JP, 08/23/96)","Box Flap","http://image.gamespotcdn.net/gamespot/images/box/3/0/3/922303_86372_flap.jpg"
"Shinsetsu Samurai Spirits: Bushidou Retsuden","Shinsetsu Samurai Spirits: Bushidou Retsuden (JP, 06/27/97)","Box Front","http://image.gamespotcdn.net/gamespot/images/box/0/4/9/587049_2463_front.jpg"
"Shinsetsu Samurai Spirits: Bushidou Retsuden","Shinsetsu Samurai Spirits: Bushidou Retsuden (JP, 06/27/97)","Box Back","http://image.gamespotcdn.net/gamespot/images/box/0/4/9/587049_2463_back.jpg"
"Shinsetsu Samurai Spirits: Bushidou Retsuden","Shinsetsu Samurai Spirits: Bushidou Retsuden (JP, 06/27/97)","Box Spine","http://image.gamespotcdn.net/gamespot/images/box/0/4/9/587049_2463_spine.jpg"
"Shinsetsu Samurai Spirits: Bushidou Retsuden","Shinsetsu Samurai Spirits: Bushidou Retsuden (JP, 06/27/97)","Box Flap","http://image.gamespotcdn.net/gamespot/images/box/0/4/9/587049_2463_flap.jpg"
"Shogi no Tatsujin","Shogi no Tatsujin (JP, 10/20/95)","Box Front","http://image.gamespotcdn.net/gamespot/images/box/3/0/6/922306_86360_front.jpg"
"Shogi no Tatsujin","Shogi no Tatsujin (JP, 10/20/95)","Box Back","http://image.gamespotcdn.net/gamespot/images/box/3/0/6/922306_86360_back.jpg"
"Soccer Brawl","Soccer Brawl (US, 03/31/95)","Box Front","http://image.gamespotcdn.net/gamespot/images/box/3/2/9/922329_89144_front.jpg"
"Soccer Brawl","Soccer Brawl (US, 03/31/95)","Box Back","http://image.gamespotcdn.net/gamespot/images/box/3/2/9/922329_89144_back.jpg"
"Soccer Brawl","Soccer Brawl (JP, 03/31/95)","Box Front","http://image.gamespotcdn.net/gamespot/images/box/3/2/9/922329_86351_front.jpg"
"Soccer Brawl","Soccer Brawl (JP, 03/31/95)","Box Back","http://image.gamespotcdn.net/gamespot/images/box/3/2/9/922329_86351_back.jpg"
"Aero Fighters 2","Aero Fighters 2 (US, 09/29/94)","Box Front","http://image.gamespotcdn.net/gamespot/images/box/2/9/5/922295_86331_front.jpg"
"Aero Fighters 2","Aero Fighters 2 (US, 09/29/94)","Box Back","http://image.gamespotcdn.net/gamespot/images/box/2/9/5/922295_86331_back.jpg"
"Aero Fighters 2","Sonic Wings 2 (JP, 09/29/94)","Box Front","http://image.gamespotcdn.net/gamespot/images/box/2/9/5/922295_86332_front.jpg"
"Aero Fighters 2","Sonic Wings 2 (JP, 09/29/94)","Box Back","http://image.gamespotcdn.net/gamespot/images/box/2/9/5/922295_86332_back.jpg"
"Aero Fighters 3","Sonic Wings 3 (JP, 12/08/95)","Box Front","http://image.gamespotcdn.net/gamespot/images/box/9/6/0/938960_86378_front.jpg"
"Aero Fighters 3","Sonic Wings 3 (JP, 12/08/95)","Box Back","http://image.gamespotcdn.net/gamespot/images/box/9/6/0/938960_86378_back.jpg"
"Aero Fighters 3","Aero Fighters 3 (US, 1995)","Box Front","http://image.gamespotcdn.net/gamespot/images/box/9/6/0/938960_86377_front.jpg"
"Stakes Winner","Stakes Winner (JP, 03/23/96)","Box Front","http://image.gamespotcdn.net/gamespot/images/box/3/0/7/922307_86376_front.jpg"
"Stakes Winner","Stakes Winner (JP, 03/23/96)","Box Back","http://image.gamespotcdn.net/gamespot/images/box/3/0/7/922307_86376_back.jpg"
"Street Hoop","Street Hoop (US, 01/20/95)","Box Front","http://image.gamespotcdn.net/gamespot/images/box/2/9/8/922298_88787_front.jpg"
"Street Hoop","Street Hoop (US, 01/20/95)","Box Back","http://image.gamespotcdn.net/gamespot/images/box/2/9/8/922298_88787_back.jpg"
"Street Hoop","Dunk Dream (JP, 01/20/95)","Box Front","http://image.gamespotcdn.net/gamespot/images/box/2/9/8/922298_86342_front.jpg"
"Street Hoop","Dunk Dream (JP, 01/20/95)","Box Back","http://image.gamespotcdn.net/gamespot/images/box/2/9/8/922298_86342_back.jpg"
"Super Sidekicks","Super Sidekicks (US, 03/31/95)","Box Front","http://image.gamespotcdn.net/gamespot/images/box/0/2/3/920023_89100_front.jpg"
"Super Sidekicks","Super Sidekicks (US, 03/31/95)","Box Back","http://image.gamespotcdn.net/gamespot/images/box/0/2/3/920023_89100_back.jpg"
"Super Sidekicks","Tokuten Oh: Super Sidekicks (JP, 03/31/95)","Box Front","http://image.gamespotcdn.net/gamespot/images/box/0/2/3/920023_53361_front.jpg"
"Super Sidekicks","Tokuten Oh: Super Sidekicks (JP, 03/31/95)","Box Back","http://image.gamespotcdn.net/gamespot/images/box/0/2/3/920023_53361_back.jpg"
"Super Sidekicks 2","Tokuten Oh 2 (JP, 09/09/94)","Box Front","http://image.gamespotcdn.net/gamespot/images/box/2/9/2/922292_86324_front.jpg"
"Super Sidekicks 2","Tokuten Oh 2 (JP, 09/09/94)","Box Back","http://image.gamespotcdn.net/gamespot/images/box/2/9/2/922292_86324_back.jpg"
"Super Sidekicks 3","Super Sidekicks 3: The Next Glory (US, 06/23/95)","Box Front","http://image.gamespotcdn.net/gamespot/images/box/3/0/2/922302_89101_front.jpg"
"Super Sidekicks 3","Super Sidekicks 3: The Next Glory (US, 06/23/95)","Box Back","http://image.gamespotcdn.net/gamespot/images/box/3/0/2/922302_89101_back.jpg"
"Super Sidekicks 3","Tokuten Oh 3: Eikoue no Michi (JP, 06/23/95)","Box Front","http://image.gamespotcdn.net/gamespot/images/box/3/0/2/922302_86361_front.jpg"
"Super Sidekicks 3","Tokuten Oh 3: Eikoue no Michi (JP, 06/23/95)","Box Back","http://image.gamespotcdn.net/gamespot/images/box/3/0/2/922302_86361_back.jpg"
"Super Sidekicks 3","Super Sidekicks 3: The Next Glory (US, 06/23/95)","Box Front","http://image.gamespotcdn.net/gamespot/images/box/3/0/2/922302_89101_front.jpg"
"Super Sidekicks 3","Super Sidekicks 3: The Next Glory (US, 06/23/95)","Box Back","http://image.gamespotcdn.net/gamespot/images/box/3/0/2/922302_89101_back.jpg"
"Super Sidekicks 3","Tokuten Oh 3: Eikoue no Michi (JP, 06/23/95)","Box Front","http://image.gamespotcdn.net/gamespot/images/box/3/0/2/922302_86361_front.jpg"
"Super Sidekicks 3","Tokuten Oh 3: Eikoue no Michi (JP, 06/23/95)","Box Back","http://image.gamespotcdn.net/gamespot/images/box/3/0/2/922302_86361_back.jpg"
"The Super Spy","The Super Spy (US, 09/09/94)","Box Front","http://image.gamespotcdn.net/gamespot/images/box/2/2/3/922223_57690_front.jpg"
"The Super Spy","The Super Spy (JP, 09/09/94)","Box Front","http://image.gamespotcdn.net/gamespot/images/box/2/2/3/922223_57691_front.jpg"
"The Super Spy","The Super Spy (JP, 09/09/94)","Box Back","http://image.gamespotcdn.net/gamespot/images/box/2/2/3/922223_57691_back.jpg"
"Kabuki Klash","Tengai Makyou Shinden (JP, 11/24/95)","Box Front","http://image.gamespotcdn.net/gamespot/images/box/7/9/0/919790_43691_front.jpg"
"Kabuki Klash","Tengai Makyou Shinden (JP, 11/24/95)","Box Back","http://image.gamespotcdn.net/gamespot/images/box/7/9/0/919790_43691_back.jpg"
"Kabuki Klash","Tengai Makyou Shinden (JP, 11/24/95)","Box Spine","http://image.gamespotcdn.net/gamespot/images/box/7/9/0/919790_43691_spine.jpg"
"Super Sidekicks 2","Tokuten Oh 2 (JP, 09/09/94)","Box Front","http://image.gamespotcdn.net/gamespot/images/box/2/9/2/922292_86324_front.jpg"
"Super Sidekicks 2","Tokuten Oh 2 (JP, 09/09/94)","Box Back","http://image.gamespotcdn.net/gamespot/images/box/2/9/2/922292_86324_back.jpg"
"Super Sidekicks 3","Super Sidekicks 3: The Next Glory (US, 06/23/95)","Box Front","http://image.gamespotcdn.net/gamespot/images/box/3/0/2/922302_89101_front.jpg"
"Super Sidekicks 3","Super Sidekicks 3: The Next Glory (US, 06/23/95)","Box Back","http://image.gamespotcdn.net/gamespot/images/box/3/0/2/922302_89101_back.jpg"
"Super Sidekicks 3","Tokuten Oh 3: Eikoue no Michi (JP, 06/23/95)","Box Front","http://image.gamespotcdn.net/gamespot/images/box/3/0/2/922302_86361_front.jpg"
"Super Sidekicks 3","Tokuten Oh 3: Eikoue no Michi (JP, 06/23/95)","Box Back","http://image.gamespotcdn.net/gamespot/images/box/3/0/2/922302_86361_back.jpg"
"Super Sidekicks","Super Sidekicks (US, 03/31/95)","Box Front","http://image.gamespotcdn.net/gamespot/images/box/0/2/3/920023_89100_front.jpg"
"Super Sidekicks","Super Sidekicks (US, 03/31/95)","Box Back","http://image.gamespotcdn.net/gamespot/images/box/0/2/3/920023_89100_back.jpg"
"Super Sidekicks","Tokuten Oh: Super Sidekicks (JP, 03/31/95)","Box Front","http://image.gamespotcdn.net/gamespot/images/box/0/2/3/920023_53361_front.jpg"
"Super Sidekicks","Tokuten Oh: Super Sidekicks (JP, 03/31/95)","Box Back","http://image.gamespotcdn.net/gamespot/images/box/0/2/3/920023_53361_back.jpg"
"Top Hunter","Top Hunter: Roddy & Cathy (US, 09/29/94)","Box Front","http://image.gamespotcdn.net/gamespot/images/box/2/9/4/922294_86333_front.jpg"
"Top Hunter","Top Hunter: Roddy & Cathy (US, 09/29/94)","Box Back","http://image.gamespotcdn.net/gamespot/images/box/2/9/4/922294_86333_back.jpg"
"Top Hunter","Top Hunter (JP, 09/29/94)","Box Front","http://image.gamespotcdn.net/gamespot/images/box/2/9/4/922294_86334_front.jpg"
"Top Hunter","Top Hunter (JP, 09/29/94)","Box Back","http://image.gamespotcdn.net/gamespot/images/box/2/9/4/922294_86334_back.jpg"
"Top Hunter","Top Hunter: Roddy & Cathy (US, 09/29/94)","Box Front","http://image.gamespotcdn.net/gamespot/images/box/2/9/4/922294_86333_front.jpg"
"Top Hunter","Top Hunter: Roddy & Cathy (US, 09/29/94)","Box Back","http://image.gamespotcdn.net/gamespot/images/box/2/9/4/922294_86333_back.jpg"
"Top Hunter","Top Hunter (JP, 09/29/94)","Box Front","http://image.gamespotcdn.net/gamespot/images/box/2/9/4/922294_86334_front.jpg"
"Top Hunter","Top Hunter (JP, 09/29/94)","Box Back","http://image.gamespotcdn.net/gamespot/images/box/2/9/4/922294_86334_back.jpg"
"Top Player's Golf","Top Player's Golf (JP, 09/09/94)","Box Front","http://image.gamespotcdn.net/gamespot/images/box/2/1/4/922214_57676_front.jpg"
"Top Player's Golf","Top Player's Golf (JP, 09/09/94)","Box Back","http://image.gamespotcdn.net/gamespot/images/box/2/1/4/922214_57676_back.jpg"
"Top Player's Golf","Top Player's Golf (JP, 09/09/94)","Box Spine","http://image.gamespotcdn.net/gamespot/images/box/2/1/4/922214_57676_spine.jpg"
"Top Player's Golf","Top Player's Golf (JP, 09/09/94)","Box Flap","http://image.gamespotcdn.net/gamespot/images/box/2/1/4/922214_57676_flap.jpg"
"Aggressors of Dark Kombat","Aggressors of Dark Kombat (US, 1994)","Box Front","http://image.gamespotcdn.net/gamespot/images/box/2/9/7/922297_65680_front.jpg"
"Aggressors of Dark Kombat","Aggressors of Dark Kombat (US, 1994)","Box Back","http://image.gamespotcdn.net/gamespot/images/box/2/9/7/922297_65680_back.jpg"
"Aggressors of Dark Kombat","Tsukai Gan Gan Koshinkyoku (JP, 01/13/95)","Box Front","http://image.gamespotcdn.net/gamespot/images/box/2/9/7/922297_86341_front.jpg"
"Aggressors of Dark Kombat","Tsukai Gan Gan Koshinkyoku (JP, 01/13/95)","Box Back","http://image.gamespotcdn.net/gamespot/images/box/2/9/7/922297_86341_back.jpg"
"Aggressors of Dark Kombat","Tsukai Gan Gan Koshinkyoku (JP, 01/13/95)","Box Spine","http://image.gamespotcdn.net/gamespot/images/box/2/9/7/922297_86341_spine.jpg"
"Twinkle Star Sprites","Twinkle Star Sprites (JP, 02/21/97)","Box Front","http://image.gamespotcdn.net/gamespot/images/box/3/1/4/922314_86368_front.jpg"
"Twinkle Star Sprites","Twinkle Star Sprites (JP, 02/21/97)","Box Back","http://image.gamespotcdn.net/gamespot/images/box/3/1/4/922314_86368_back.jpg"
"Twinkle Star Sprites","Twinkle Star Sprites (JP, 02/21/97)","Box Spine","http://image.gamespotcdn.net/gamespot/images/box/3/1/4/922314_86368_spine.jpg"
"Twinkle Star Sprites","Twinkle Star Sprites (JP, 02/21/97)","Box Flap","http://image.gamespotcdn.net/gamespot/images/box/3/1/4/922314_86368_flap.jpg"
"Viewpoint","Viewpoint (JP, 02/25/95)","Box Front","http://image.gamespotcdn.net/gamespot/images/box/0/2/2/920022_53360_front.jpg"
"Viewpoint","Viewpoint (JP, 02/25/95)","Box Back","http://image.gamespotcdn.net/gamespot/images/box/0/2/2/920022_53360_back.jpg"
"Voltage Fighter Gowcaizer","Choujin Gakuen Gowcaizer (JP, 11/24/95)","Box Front","http://image.gamespotcdn.net/gamespot/images/box/3/0/5/922305_86362_front.jpg"
"Voltage Fighter Gowcaizer","Choujin Gakuen Gowcaizer (JP, 11/24/95)","Box Back","http://image.gamespotcdn.net/gamespot/images/box/3/0/5/922305_86362_back.jpg"
"Voltage Fighter Gowcaizer","Choujin Gakuen Gowcaizer (JP, 11/24/95)","Box Spine","http://image.gamespotcdn.net/gamespot/images/box/3/0/5/922305_86362_spine.jpg"
"Voltage Fighter Gowcaizer","Choujin Gakuen Gowcaizer (JP, 11/24/95)","Box Flap","http://image.gamespotcdn.net/gamespot/images/box/3/0/5/922305_86362_flap.jpg"
"WindJammers","Flying Power Disk (JP, 01/20/95)","Box Front","http://image.gamespotcdn.net/gamespot/images/box/2/9/1/922291_86344_front.jpg"
"WindJammers","Flying Power Disk (JP, 01/20/95)","Box Back","http://image.gamespotcdn.net/gamespot/images/box/2/9/1/922291_86344_back.jpg"
"WindJammers","WindJammers (US, 1995)","Box Front","http://image.gamespotcdn.net/gamespot/images/box/2/9/1/922291_71054_front.jpg"
"WindJammers","WindJammers (US, 1995)","Box Back","http://image.gamespotcdn.net/gamespot/images/box/2/9/1/922291_71054_back.jpg"
"World Heroes","World Heroes (JP, 03/17/95)","Box Front","http://image.gamespotcdn.net/gamespot/images/box/0/2/1/920021_53358_front.jpg"
"World Heroes","World Heroes (JP, 03/17/95)","Box Back","http://image.gamespotcdn.net/gamespot/images/box/0/2/1/920021_53358_back.jpg"
"World Heroes 2","World Heroes 2 (JP, 04/14/95)","Box Front","http://image.gamespotcdn.net/gamespot/images/box/2/8/8/922288_86352_front.jpg"
"World Heroes 2","World Heroes 2 (JP, 04/14/95)","Box Back","http://image.gamespotcdn.net/gamespot/images/box/2/8/8/922288_86352_back.jpg"
"World Heroes 2","World Heroes 2 (JP, 04/14/95)","Box Spine","http://image.gamespotcdn.net/gamespot/images/box/2/8/8/922288_86352_spine.jpg"
"World Heroes 2","World Heroes 2 (JP, 04/14/95)","Box Flap","http://image.gamespotcdn.net/gamespot/images/box/2/8/8/922288_86352_flap.jpg"
"World Heroes 2 Jet","World Heroes 2 Jet (JP, 11/11/94)","Box Front","http://image.gamespotcdn.net/gamespot/images/box/2/9/3/922293_86340_front.jpg"
"World Heroes 2 Jet","World Heroes 2 Jet (JP, 11/11/94)","Box Back","http://image.gamespotcdn.net/gamespot/images/box/2/9/3/922293_86340_back.jpg"
"World Heroes Perfect","World Heroes Perfect (US, 07/21/95)","Box Front","http://image.gamespotcdn.net/gamespot/images/box/0/2/1/921021_89104_front.jpg"
"World Heroes Perfect","World Heroes Perfect (US, 07/21/95)","Box Back","http://image.gamespotcdn.net/gamespot/images/box/0/2/1/921021_89104_back.jpg"
"World Heroes Perfect","World Heroes Perfect (JP, 07/21/95)","Box Front","http://image.gamespotcdn.net/gamespot/images/box/0/2/1/921021_54997_front.jpg"
"World Heroes Perfect","World Heroes Perfect (JP, 07/21/95)","Box Back","http://image.gamespotcdn.net/gamespot/images/box/0/2/1/921021_54997_back.jpg"
"World Heroes Perfect","World Heroes Perfect (JP, 07/21/95)","Box Spine","http://image.gamespotcdn.net/gamespot/images/box/0/2/1/921021_54997_spine.jpg"
"2020 Super Baseball","2020 Super Baseball (JP, 02/25/95)","Box Front","http://image.gamespotcdn.net/gamespot/images/box/3/2/6/922326_86343_front.jpg"
"2020 Super Baseball","2020 Super Baseball (JP, 02/25/95)","Box Back","http://image.gamespotcdn.net/gamespot/images/box/3/2/6/922326_86343_back.jpg"
"2020 Super Baseball","2020 Super Baseball (JP, 02/25/95)","Box Spine","http://image.gamespotcdn.net/gamespot/images/box/3/2/6/922326_86343_spine.jpg"
"3 Count Bout","Fire Suplex (JP, 04/21/95)","Box Front","http://image.gamespotcdn.net/gamespot/images/box/2/8/7/922287_86346_front.jpg"
"3 Count Bout","Fire Suplex (JP, 04/21/95)","Box Back","http://image.gamespotcdn.net/gamespot/images/box/2/8/7/922287_86346_back.jpg"
"3 Count Bout","3 Count Bout (US, 04/23/95)","Box Front","http://image.gamespotcdn.net/gamespot/images/box/2/8/7/922287_71045_front.jpg"
